hour,day_of_week,location,latitude,longitude,accident_type,severity,severity_encoded,vehicles_involved,casualties,road_type,weather,light_condition,speed_limit,road_condition,datetime,month,is_weekend,is_night,is_rush_hour,weather_encoded,road_cond_encoded,light_encoded,road_type_encoded
12,0,Shankar Nagar,21.241464515808534,81.64118350161084,Pedestrian,Minor,0,2,0,Rural,Clear,Day,60,Good,2023-04-03 12:00:00,4,0,0,0,0,0,0,1
2,0,Pandri,21.249607856816866,81.62993125414083,Collision,Fatal,3,2,2,Urban,Clear,Night,60,Wet,2023-03-13 02:00:00,3,0,1,0,0,1,1,0
15,2,Devendra Nagar,21.249191535594385,81.62108687352858,Hit-and-run,Severe,2,3,1,Rural,Rainy,Day,100,Good,2023-03-22 15:00:00,3,0,0,0,2,0,0,1
18,2,Tikrapara,21.263102461493308,81.61635498378297,Hit-and-run,Minor,0,1,0,Intersection,Clear,Day,40,Wet,2023-12-27 18:00:00,12,0,0,1,0,1,0,3
14,4,Shankar Nagar,21.24095711836251,81.64455578385503,Skid,Minor,0,3,1,Highway,Clear,Day,80,Damaged,2023-03-17 14:00:00,3,0,0,0,0,2,0,2
13,2,Shankar Nagar,21.246265809134023,81.64465422981029,Pedestrian,Minor,0,1,1,Rural,Cloudy,Day,40,Good,2023-02-15 13:00:00,2,0,0,0,1,0,0,1
8,0,Ring Road No 1,21.259452607775348,81.64980214706578,Pedestrian,Minor,0,4,1,Rural,Clear,Day,80,Good,2023-05-22 08:00:00,5,0,0,1,0,0,0,1
13,0,Telibandha,21.24136896577601,81.65022462552169,Pedestrian,Moderate,1,1,2,Highway,Rainy,Day,100,Wet,2023-10-16 13:00:00,10,0,0,0,2,1,0,2
12,1,Telibandha,21.23567892146141,81.65147495381737,Pedestrian,Minor,0,4,0,Intersection,Rainy,Day,80,Wet,2023-08-15 12:00:00,8,0,0,0,2,1,0,3
19,6,Shankar Nagar,21.241355578223025,81.64748357454518,Skid,Minor,0,2,0,Highway,Foggy,Day,40,Wet,2023-01-29 19:00:00,1,1,0,1,3,1,0,2
13,3,Pandri,21.256034524387257,81.63141229227907,Skid,Fatal,3,4,3,Intersection,Clear,Day,80,Good,2023-12-07 13:00:00,12,0,0,0,0,0,0,3
13,1,Fafadih,21.23718302011431,81.66139437405036,Skid,Minor,0,4,0,Urban,Clear,Day,80,Good,2023-10-10 13:00:00,10,0,0,0,0,0,0,0
6,3,Devendra Nagar,21.247896312483125,81.62783316088591,Overturning,Severe,2,3,3,Rural,Clear,Day,40,Good,2023-11-23 06:00:00,11,0,0,0,0,0,0,1
23,6,Ring Road No 1,21.264136496045385,81.65043443848546,Skid,Minor,0,4,0,Rural,Clear,Night,40,Damaged,2023-07-30 23:00:00,7,1,1,0,0,2,1,1
3,4,Katora Talab,21.231586134125468,81.63425059942284,Overturning,Severe,2,4,3,Rural,Rainy,Night,80,Under repair,2023-07-07 03:00:00,7,0,1,0,2,3,1,1
13,5,Devendra Nagar,21.248070269553686,81.6262369002827,Pedestrian,Severe,2,2,3,Rural,Clear,Day,60,Good,2023-06-17 13:00:00,6,1,0,0,0,0,0,1
16,5,Devendra Nagar,21.247113095197157,81.62177610271512,Collision,Minor,0,2,0,Urban,Clear,Day,80,Good,2023-05-20 16:00:00,5,1,0,0,0,0,0,0
11,4,Amanaka,21.26406953529316,81.633514354706,Skid,Moderate,1,2,1,Urban,Clear,Day,60,Good,2023-06-23 11:00:00,6,0,0,0,0,0,0,0
8,1,Devendra Nagar,21.24468696538684,81.62246121309843,Overturning,Minor,0,3,0,Highway,Clear,Day,60,Wet,2023-01-24 08:00:00,1,0,0,1,0,1,0,2
17,1,Mowa,21.28075566907093,81.64825702923305,Pedestrian,Severe,2,2,1,Highway,Clear,Day,40,Wet,2023-01-24 17:00:00,1,0,0,1,0,1,0,2
20,2,Tikrapara,21.260470587605525,81.61804980463253,Pedestrian,Moderate,1,2,0,Rural,Rainy,Day,40,Good,2023-07-05 20:00:00,7,0,0,0,2,0,0,1
9,4,Jail Road,21.229022334560987,81.64047315430072,Hit-and-run,Fatal,3,3,0,Intersection,Rainy,Day,100,Wet,2023-12-08 09:00:00,12,0,0,1,2,1,0,3
10,0,Jail Road,21.227315118718955,81.64046059567625,Hit-and-run,Minor,0,4,0,Rural,Clear,Day,100,Good,2023-10-30 10:00:00,10,0,0,0,0,0,0,1
0,3,Jail Road,21.231152437009,81.64072905819073,Hit-and-run,Fatal,3,2,2,Rural,Clear,Night,100,Good,2023-11-16 00:00:00,11,0,1,0,0,0,1,1
19,3,Devendra Nagar,21.24697262580201,81.62470124282805,Overturning,Moderate,1,1,2,Rural,Clear,Day,60,Wet,2023-07-13 19:00:00,7,0,0,1,0,1,0,1
21,3,Katora Talab,21.23138430995326,81.6364106104752,Collision,Fatal,3,3,2,Urban,Rainy,Day,80,Damaged,2023-03-23 21:00:00,3,0,0,0,2,2,0,0
18,6,Devendra Nagar,21.24358695546301,81.62011248251099,Overturning,Minor,0,2,0,Urban,Clear,Day,80,Good,2023-03-26 18:00:00,3,1,0,1,0,0,0,0
7,3,Telibandha,21.235586644516435,81.65140062483141,Overturning,Moderate,1,2,1,Highway,Rainy,Day,80,Good,2023-09-07 07:00:00,9,0,0,1,2,0,0,2
21,0,Tikrapara,21.259432275218327,81.61365409364805,Overturning,Moderate,1,4,1,Highway,Clear,Day,40,Good,2023-12-11 21:00:00,12,0,0,0,0,0,0,2
23,4,Amanaka,21.271434113445576,81.6306811756076,Collision,Minor,0,4,1,Urban,Rainy,Night,100,Damaged,2023-11-03 23:00:00,11,0,1,0,2,2,1,0
22,6,Ring Road No 1,21.26381946407556,81.65191549677702,Hit-and-run,Moderate,1,2,1,Rural,Clear,Night,80,Damaged,2023-09-24 22:00:00,9,1,1,0,0,2,1,1
20,4,Tikrapara,21.262756731245087,81.6240450543594,Collision,Severe,2,4,2,Intersection,Rainy,Day,40,Good,2023-12-15 20:00:00,12,0,0,0,2,0,0,3
1,5,Amanaka,21.2659059710223,81.63484257843182,Pedestrian,Fatal,3,2,0,Urban,Foggy,Night,40,Good,2023-05-20 01:00:00,5,1,1,0,3,0,1,0
8,5,GE Road,21.250370994114867,81.65020124905789,Pedestrian,Moderate,1,2,1,Intersection,Clear,Day,60,Wet,2023-04-08 08:00:00,4,1,0,1,0,1,0,3
0,1,GE Road,21.2518470063128,81.64784236127178,Pedestrian,Severe,2,2,0,Highway,Clear,Night,100,Good,2023-10-10 00:00:00,10,0,1,0,0,0,1,2
5,4,Katora Talab,21.23537729343417,81.63115064743445,Pedestrian,Severe,2,1,2,Urban,Clear,Night,60,Good,2023-07-07 05:00:00,7,0,1,0,0,0,1,0
12,4,Tikrapara,21.263063584747226,81.6200776125448,Collision,Severe,2,3,0,Urban,Rainy,Day,40,Good,2023-05-05 12:00:00,5,0,0,0,2,0,0,0
7,1,Pandri,21.254153304593387,81.62866881159057,Overturning,Moderate,1,4,0,Highway,Clear,Day,40,Good,2023-04-04 07:00:00,4,0,0,1,0,0,0,2
0,0,Fafadih,21.23112949359392,81.6579650548001,Collision,Fatal,3,4,3,Rural,Foggy,Night,100,Under repair,2023-11-06 00:00:00,11,0,1,0,3,3,1,1
0,1,Ring Road No 1,21.26447675275122,81.64808062032643,Collision,Minor,0,1,1,Intersection,Clear,Night,80,Damaged,2023-12-19 00:00:00,12,0,1,0,0,2,1,3
9,4,Tikrapara,21.265645989206902,81.61477707225673,Skid,Moderate,1,2,2,Intersection,Foggy,Day,40,Good,2023-03-31 09:00:00,3,0,0,1,3,0,0,3
9,5,Shankar Nagar,21.24432098035764,81.64680056412163,Hit-and-run,Moderate,1,1,0,Intersection,Rainy,Day,40,Damaged,2023-06-10 09:00:00,6,1,0,1,2,2,0,3
14,1,Ring Road No 1,21.26519726927779,81.65172702113748,Hit-and-run,Moderate,1,2,0,Rural,Clear,Day,40,Good,2023-10-10 14:00:00,10,0,0,0,0,0,0,1
23,6,Tikrapara,21.257194549059115,81.6145546924343,Hit-and-run,Minor,0,2,1,Highway,Rainy,Night,60,Damaged,2023-12-03 23:00:00,12,1,1,0,2,2,1,2
12,0,Telibandha,21.241210150326754,81.65461844172232,Skid,Minor,0,2,0,Rural,Rainy,Day,40,Wet,2023-02-27 12:00:00,2,0,0,0,2,1,0,1
23,5,Telibandha,21.237583450028566,81.64668281547715,Overturning,Minor,0,4,0,Rural,Rainy,Night,60,Wet,2023-12-16 23:00:00,12,1,1,0,2,1,1,1
2,5,Pandri,21.244025491708356,81.62665770546901,Overturning,Minor,0,3,1,Urban,Clear,Night,60,Good,2023-03-25 02:00:00,3,1,1,0,0,0,1,0
21,6,Devendra Nagar,21.245259029472503,81.62819736972251,Collision,Severe,2,4,3,Highway,Clear,Day,40,Damaged,2023-09-10 21:00:00,9,1,0,0,0,2,0,2
13,0,Mowa,21.280919401076694,81.64321525621412,Collision,Fatal,3,2,2,Highway,Rainy,Day,80,Good,2023-10-02 13:00:00,10,0,0,0,2,0,0,2
5,4,Devendra Nagar,21.24439964101609,81.62165050284824,Collision,Moderate,1,2,0,Highway,Clear,Night,80,Good,2023-05-12 05:00:00,5,0,1,0,0,0,1,2
6,4,Jail Road,21.234016942792525,81.64070221562228,Collision,Minor,0,3,0,Highway,Rainy,Day,80,Damaged,2023-06-23 06:00:00,6,0,0,0,2,2,0,2
10,3,Pandri,21.24509219792424,81.62757938105631,Skid,Minor,0,1,1,Rural,Clear,Day,60,Wet,2023-12-07 10:00:00,12,0,0,0,0,1,0,1
14,4,Devendra Nagar,21.243025351904684,81.62176120797247,Hit-and-run,Severe,2,3,3,Intersection,Clear,Day,100,Good,2023-09-08 14:00:00,9,0,0,0,0,0,0,3
20,5,Pandri,21.253088731980856,81.6292776653546,Overturning,Fatal,3,4,2,Rural,Rainy,Day,40,Good,2023-10-14 20:00:00,10,1,0,0,2,0,0,1
10,5,Katora Talab,21.236469403778987,81.63844041948398,Collision,Severe,2,4,1,Intersection,Clear,Day,60,Good,2023-04-29 10:00:00,4,1,0,0,0,0,0,3
7,1,GE Road,21.24911061673064,81.65449259857766,Pedestrian,Minor,0,1,0,Urban,Cloudy,Day,60,Good,2023-08-15 07:00:00,8,0,0,1,1,0,0,0
5,3,Shankar Nagar,21.24148607722589,81.64236759458984,Collision,Minor,0,4,0,Intersection,Clear,Night,40,Good,2023-02-16 05:00:00,2,0,1,0,0,0,1,3
1,3,GE Road,21.250356389213792,81.6492702574005,Collision,Minor,0,4,1,Highway,Clear,Night,40,Wet,2023-11-02 01:00:00,11,0,1,0,0,1,1,2
15,5,Jail Road,21.23113377598522,81.64140150572027,Overturning,Severe,2,1,3,Rural,Foggy,Day,80,Under repair,2023-05-20 15:00:00,5,1,0,0,3,3,0,1
13,2,Mowa,21.27664064800814,81.63893125596766,Pedestrian,Moderate,1,1,0,Rural,Foggy,Day,40,Good,2023-10-18 13:00:00,10,0,0,0,3,0,0,1
0,0,Jail Road,21.23730951537272,81.6386480469812,Collision,Moderate,1,2,2,Highway,Clear,Night,40,Under repair,2023-11-06 00:00:00,11,0,1,0,0,3,1,2
10,6,Shankar Nagar,21.245597637316017,81.63727707606843,Overturning,Moderate,1,4,1,Intersection,Rainy,Day,40,Wet,2023-05-21 10:00:00,5,1,0,0,2,1,0,3
8,2,Fafadih,21.232261161840285,81.66081840184805,Collision,Severe,2,4,0,Urban,Rainy,Day,40,Good,2023-03-08 08:00:00,3,0,0,1,2,0,0,0
2,0,Amanaka,21.271418445209783,81.62683263757702,Overturning,Moderate,1,1,0,Urban,Cloudy,Night,60,Wet,2023-06-19 02:00:00,6,0,1,0,1,1,1,0
11,2,Amanaka,21.270498421839235,81.6315507756339,Hit-and-run,Minor,0,2,1,Intersection,Cloudy,Day,60,Good,2023-12-27 11:00:00,12,0,0,0,1,0,0,3
1,5,Tikrapara,21.261073037133585,81.6155910124095,Hit-and-run,Moderate,1,2,2,Rural,Rainy,Night,100,Damaged,2023-03-18 01:00:00,3,1,1,0,2,2,1,1
16,4,Fafadih,21.230533551912224,81.66037911716882,Pedestrian,Fatal,3,2,1,Rural,Clear,Day,100,Damaged,2023-12-29 16:00:00,12,0,0,0,0,2,0,1
5,0,Jail Road,21.226643011591197,81.6386733966598,Hit-and-run,Moderate,1,2,2,Intersection,Rainy,Night,100,Good,2023-01-09 05:00:00,1,0,1,0,2,0,1,3
9,3,GE Road,21.24761987269437,81.6434004886449,Skid,Moderate,1,3,0,Intersection,Rainy,Day,60,Wet,2023-09-28 09:00:00,9,0,0,1,2,1,0,3
23,1,Tikrapara,21.26315387115729,81.61481185392154,Skid,Severe,2,2,1,Highway,Rainy,Night,100,Wet,2023-06-13 23:00:00,6,0,1,0,2,1,1,2
4,0,Devendra Nagar,21.245063957337177,81.62565867324449,Pedestrian,Moderate,1,2,1,Highway,Clear,Night,100,Wet,2023-03-27 04:00:00,3,0,1,0,0,1,1,2
13,3,Pandri,21.249555167692453,81.62712450230076,Collision,Minor,0,1,1,Urban,Clear,Day,40,Good,2023-02-23 13:00:00,2,0,0,0,0,0,0,0
8,1,Ring Road No 1,21.264078714266,81.65455380146818,Pedestrian,Fatal,3,4,1,Intersection,Foggy,Day,60,Damaged,2023-04-11 08:00:00,4,0,0,1,3,2,0,3
13,3,Katora Talab,21.23319205420474,81.63404955650395,Skid,Minor,0,4,0,Rural,Clear,Day,80,Good,2023-10-12 13:00:00,10,0,0,0,0,0,0,1
23,3,Fafadih,21.2279025162151,81.66002039698894,Skid,Severe,2,2,2,Rural,Foggy,Night,60,Good,2023-03-02 23:00:00,3,0,1,0,3,0,1,1
10,0,Shankar Nagar,21.24360261405361,81.63953612607473,Skid,Moderate,1,3,1,Rural,Clear,Day,60,Damaged,2023-08-28 10:00:00,8,0,0,0,0,2,0,1
17,0,Shankar Nagar,21.242129024498524,81.63787531969508,Skid,Minor,0,4,0,Highway,Clear,Day,80,Good,2023-11-20 17:00:00,11,0,0,1,0,0,0,2
3,6,GE Road,21.251431235834144,81.65206708274664,Overturning,Moderate,1,2,1,Intersection,Cloudy,Night,80,Good,2023-02-26 03:00:00,2,1,1,0,1,0,1,3
14,3,GE Road,21.247908568390688,81.64703198470033,Pedestrian,Moderate,1,3,0,Intersection,Clear,Day,80,Damaged,2023-09-14 14:00:00,9,0,0,0,0,2,0,3
11,3,GE Road,21.252707638739363,81.65253627215796,Overturning,Minor,0,3,0,Rural,Clear,Day,80,Under repair,2023-03-02 11:00:00,3,0,0,0,0,3,0,1
16,2,Jail Road,21.22532043056337,81.63959364578776,Hit-and-run,Minor,0,2,0,Highway,Clear,Day,80,Under repair,2023-02-08 16:00:00,2,0,0,0,0,3,0,2
8,2,Katora Talab,21.23754939246696,81.63419383082811,Collision,Minor,0,1,0,Urban,Clear,Day,80,Good,2023-03-29 08:00:00,3,0,0,1,0,0,0,0
23,2,Amanaka,21.26256962379937,81.63650327002793,Overturning,Severe,2,2,2,Urban,Clear,Night,40,Under repair,2023-05-03 23:00:00,5,0,1,0,0,3,1,0
8,0,Jail Road,21.234358009053278,81.64044998525351,Overturning,Minor,0,4,0,Highway,Rainy,Day,100,Damaged,2023-02-06 08:00:00,2,0,0,1,2,2,0,2
13,4,GE Road,21.24810668184012,81.6473606182609,Skid,Moderate,1,1,0,Highway,Clear,Day,100,Wet,2023-11-17 13:00:00,11,0,0,0,0,1,0,2
1,5,Ring Road No 1,21.26870973920297,81.65392988762258,Collision,Minor,0,3,1,Highway,Clear,Night,80,Wet,2023-11-18 01:00:00,11,1,1,0,0,1,1,2
5,5,Shankar Nagar,21.245420079855155,81.6431692377506,Pedestrian,Minor,0,1,1,Highway,Clear,Night,40,Under repair,2023-02-25 05:00:00,2,1,1,0,0,3,1,2
15,3,Pandri,21.249416588663426,81.62899828645803,Hit-and-run,Fatal,3,4,4,Urban,Clear,Day,60,Good,2023-04-06 15:00:00,4,0,0,0,0,0,0,0
17,1,Telibandha,21.23866623179297,81.65174872294818,Hit-and-run,Minor,0,3,0,Rural,Clear,Day,40,Damaged,2023-01-31 17:00:00,1,0,0,1,0,2,0,1
12,5,GE Road,21.2557267566828,81.65225501441037,Overturning,Severe,2,3,1,Highway,Rainy,Day,40,Wet,2023-07-22 12:00:00,7,1,0,0,2,1,0,2
8,0,Amanaka,21.265741846932613,81.63567198490671,Overturning,Minor,0,1,1,Urban,Foggy,Day,100,Good,2023-02-13 08:00:00,2,0,0,1,3,0,0,0
13,6,Ring Road No 1,21.265610290035504,81.65305658099044,Hit-and-run,Fatal,3,3,1,Rural,Clear,Day,80,Good,2023-10-01 13:00:00,10,1,0,0,0,0,0,1
15,0,Fafadih,21.23121229870984,81.6699423276473,Overturning,Minor,0,2,0,Highway,Rainy,Day,80,Good,2023-12-04 15:00:00,12,0,0,0,2,0,0,2
15,6,Mowa,21.275068746313007,81.63905043466,Hit-and-run,Severe,2,2,3,Intersection,Rainy,Day,100,Good,2023-10-22 15:00:00,10,1,0,0,2,0,0,3
3,4,Amanaka,21.270700785243783,81.6413504091649,Hit-and-run,Severe,2,3,0,Rural,Clear,Night,40,Damaged,2023-11-17 03:00:00,11,0,1,0,0,2,1,1
1,3,Tikrapara,21.257591415447887,81.61790251490307,Overturning,Moderate,1,1,0,Rural,Cloudy,Night,100,Wet,2023-10-19 01:00:00,10,0,1,0,1,1,1,1
22,6,Devendra Nagar,21.248831881019047,81.62334641353534,Pedestrian,Severe,2,3,2,Intersection,Clear,Night,100,Good,2023-08-06 22:00:00,8,1,1,0,0,0,1,3
2,5,Mowa,21.277896188436408,81.64399689870567,Collision,Minor,0,3,0,Intersection,Rainy,Night,60,Wet,2023-06-17 02:00:00,6,1,1,0,2,1,1,3
20,4,Devendra Nagar,21.246417553970687,81.62649131635692,Collision,Minor,0,2,1,Rural,Clear,Day,80,Good,2023-06-09 20:00:00,6,0,0,0,0,0,0,1
20,1,Fafadih,21.2369744066672,81.66212100918001,Pedestrian,Moderate,1,3,0,Rural,Clear,Day,60,Good,2023-11-07 20:00:00,11,0,0,0,0,0,0,1
10,0,Mowa,21.279775198176136,81.64294233294686,Overturning,Moderate,1,3,1,Intersection,Clear,Day,60,Good,2023-10-30 10:00:00,10,0,0,0,0,0,0,3
23,5,Amanaka,21.271467391669947,81.63516551191361,Pedestrian,Moderate,1,3,0,Urban,Rainy,Night,60,Under repair,2023-10-14 23:00:00,10,1,1,0,2,3,1,0
9,1,Ring Road No 1,21.26339817455304,81.65478988136249,Collision,Severe,2,1,3,Rural,Clear,Day,60,Damaged,2023-10-10 09:00:00,10,0,0,1,0,2,0,1
20,6,Mowa,21.283448348541064,81.6377773411661,Hit-and-run,Moderate,1,4,1,Urban,Foggy,Day,60,Damaged,2023-10-29 20:00:00,10,1,0,0,3,2,0,0
8,1,Devendra Nagar,21.24563006345522,81.62133391669967,Hit-and-run,Severe,2,1,1,Highway,Rainy,Day,60,Wet,2023-09-12 08:00:00,9,0,0,1,2,1,0,2
1,3,Fafadih,21.23216708560054,81.6624075486292,Skid,Minor,0,1,1,Highway,Clear,Night,60,Good,2023-05-18 01:00:00,5,0,1,0,0,0,1,2
23,0,Devendra Nagar,21.247608315114626,81.62306362066917,Pedestrian,Fatal,3,3,0,Urban,Clear,Night,100,Good,2023-10-16 23:00:00,10,0,1,0,0,0,1,0
5,1,Tikrapara,21.254359978995836,81.61580486325828,Skid,Moderate,1,2,2,Intersection,Rainy,Night,60,Good,2023-06-20 05:00:00,6,0,1,0,2,0,1,3
11,1,Pandri,21.2540894990106,81.62137872073389,Pedestrian,Minor,0,2,1,Intersection,Clear,Day,40,Good,2023-09-19 11:00:00,9,0,0,0,0,0,0,3
16,2,GE Road,21.254762281455047,81.65046368997193,Hit-and-run,Moderate,1,2,2,Intersection,Clear,Day,80,Under repair,2023-09-13 16:00:00,9,0,0,0,0,3,0,3
6,0,Tikrapara,21.26404852824459,81.61810429243936,Collision,Minor,0,1,1,Highway,Rainy,Day,100,Good,2023-12-04 06:00:00,12,0,0,0,2,0,0,2
23,4,Tikrapara,21.253915783727933,81.61999108792452,Hit-and-run,Moderate,1,3,1,Rural,Foggy,Night,40,Wet,2023-04-14 23:00:00,4,0,1,0,3,1,1,1
13,0,Amanaka,21.27382395937212,81.63777416541654,Collision,Fatal,3,2,0,Urban,Rainy,Day,40,Good,2023-05-08 13:00:00,5,0,0,0,2,0,0,0
1,2,Katora Talab,21.234711925549536,81.63476028322638,Collision,Severe,2,1,1,Intersection,Rainy,Night,100,Wet,2023-10-04 01:00:00,10,0,1,0,2,1,1,3
15,0,Ring Road No 1,21.261801491193665,81.64874220060743,Overturning,Severe,2,2,3,Rural,Cloudy,Day,100,Good,2023-07-31 15:00:00,7,0,0,0,1,0,0,1
9,2,Fafadih,21.23596616571354,81.6576074030662,Pedestrian,Severe,2,3,0,Rural,Clear,Day,80,Good,2023-06-28 09:00:00,6,0,0,1,0,0,0,1
3,6,Ring Road No 1,21.26071855070825,81.64788792309959,Hit-and-run,Minor,0,2,1,Rural,Foggy,Night,60,Good,2023-02-26 03:00:00,2,1,1,0,3,0,1,1
19,1,Pandri,21.246929257430104,81.63003924287553,Pedestrian,Minor,0,2,0,Urban,Rainy,Day,80,Wet,2023-10-03 19:00:00,10,0,0,1,2,1,0,0
20,4,Shankar Nagar,21.246984509145445,81.64154536973126,Collision,Minor,0,4,0,Urban,Clear,Day,100,Good,2023-06-09 20:00:00,6,0,0,0,0,0,0,0
13,6,Devendra Nagar,21.241082756598303,81.62591983361924,Collision,Moderate,1,3,2,Highway,Clear,Day,80,Good,2023-03-12 13:00:00,3,1,0,0,0,0,0,2
13,5,Katora Talab,21.241757105262103,81.63256127302756,Overturning,Fatal,3,3,4,Urban,Clear,Day,80,Wet,2023-09-02 13:00:00,9,1,0,0,0,1,0,0
18,5,Mowa,21.27746433719985,81.64384698189025,Hit-and-run,Minor,0,3,0,Intersection,Clear,Day,80,Damaged,2023-12-23 18:00:00,12,1,0,1,0,2,0,3
5,0,Telibandha,21.243765621243355,81.64854049756282,Skid,Minor,0,2,1,Intersection,Rainy,Night,40,Good,2023-06-26 05:00:00,6,0,1,0,2,0,1,3
17,0,Katora Talab,21.232702650657004,81.63639425581881,Hit-and-run,Fatal,3,1,4,Rural,Clear,Day,80,Under repair,2023-04-03 17:00:00,4,0,0,1,0,3,0,1
23,3,Devendra Nagar,21.247997204219427,81.6234183943513,Hit-and-run,Severe,2,3,2,Intersection,Clear,Night,80,Under repair,2023-12-14 23:00:00,12,0,1,0,0,3,1,3
10,1,Devendra Nagar,21.243925600221026,81.62638313619298,Collision,Severe,2,1,2,Highway,Clear,Day,80,Good,2023-05-09 10:00:00,5,0,0,0,0,0,0,2
12,2,Telibandha,21.240484108013646,81.64779469344928,Skid,Minor,0,4,0,Highway,Clear,Day,100,Damaged,2023-09-27 12:00:00,9,0,0,0,0,2,0,2
11,0,GE Road,21.25134728419392,81.64484487740393,Skid,Minor,0,4,1,Highway,Rainy,Day,60,Good,2023-12-18 11:00:00,12,0,0,0,2,0,0,2
10,5,Telibandha,21.24095767136932,81.64931329929185,Hit-and-run,Severe,2,1,0,Rural,Foggy,Day,40,Good,2023-11-25 10:00:00,11,1,0,0,3,0,0,1
20,1,Ring Road No 1,21.262092867502847,81.65110137654455,Overturning,Minor,0,1,0,Highway,Clear,Day,100,Good,2023-01-17 20:00:00,1,0,0,0,0,0,0,2
0,4,Jail Road,21.229920923097996,81.6427847901847,Pedestrian,Severe,2,1,3,Rural,Rainy,Night,80,Good,2023-06-02 00:00:00,6,0,1,0,2,0,1,1
11,3,Telibandha,21.240673271593977,81.64963077216362,Hit-and-run,Minor,0,2,0,Intersection,Clear,Day,100,Wet,2023-09-07 11:00:00,9,0,0,0,0,1,0,3
2,4,Katora Talab,21.238991004449154,81.63570221176107,Overturning,Severe,2,4,0,Rural,Cloudy,Night,80,Wet,2023-06-23 02:00:00,6,0,1,0,1,1,1,1
10,3,Shankar Nagar,21.242220201091143,81.64172584552529,Overturning,Moderate,1,1,1,Intersection,Clear,Day,80,Under repair,2023-12-21 10:00:00,12,0,0,0,0,3,0,3
13,2,GE Road,21.250755331333472,81.65041578402952,Skid,Minor,0,4,0,Rural,Cloudy,Day,80,Good,2023-05-03 13:00:00,5,0,0,0,1,0,0,1
3,0,Ring Road No 1,21.26229893215584,81.65002877244073,Pedestrian,Minor,0,3,1,Urban,Foggy,Night,60,Good,2023-07-31 03:00:00,7,0,1,0,3,0,1,0
16,2,Fafadih,21.239006271928304,81.66401920644523,Overturning,Minor,0,1,0,Highway,Clear,Day,60,Wet,2023-02-08 16:00:00,2,0,0,0,0,1,0,2
14,2,Devendra Nagar,21.24331819800672,81.62511282298183,Hit-and-run,Severe,2,4,3,Rural,Foggy,Day,100,Wet,2023-10-18 14:00:00,10,0,0,0,3,1,0,1
19,5,Katora Talab,21.237055050196965,81.63567465352578,Collision,Severe,2,4,1,Highway,Cloudy,Day,80,Good,2023-11-18 19:00:00,11,1,0,1,1,0,0,2
8,4,Jail Road,21.230212023973696,81.64366892793646,Pedestrian,Moderate,1,2,1,Highway,Rainy,Day,100,Good,2023-01-27 08:00:00,1,0,0,1,2,0,0,2
3,1,Tikrapara,21.261136861033958,81.61851373390536,Hit-and-run,Moderate,1,1,0,Intersection,Clear,Night,100,Good,2023-01-03 03:00:00,1,0,1,0,0,0,1,3
2,1,Shankar Nagar,21.24662657173095,81.64279985512326,Overturning,Moderate,1,2,1,Highway,Rainy,Night,80,Wet,2023-11-07 02:00:00,11,0,1,0,2,1,1,2
0,1,Tikrapara,21.260464435737987,81.61964206780746,Pedestrian,Minor,0,1,1,Urban,Clear,Night,80,Good,2023-07-18 00:00:00,7,0,1,0,0,0,1,0
23,5,Tikrapara,21.2598191729299,81.61872768097899,Overturning,Moderate,1,3,0,Rural,Clear,Night,40,Good,2023-11-25 23:00:00,11,1,1,0,0,0,1,1
22,3,Amanaka,21.268239916233718,81.63274649834113,Pedestrian,Fatal,3,4,1,Highway,Clear,Night,60,Damaged,2023-01-05 22:00:00,1,0,1,0,0,2,1,2
5,1,Amanaka,21.267004288840557,81.63082405013961,Overturning,Moderate,1,2,2,Rural,Rainy,Night,60,Wet,2023-09-26 05:00:00,9,0,1,0,2,1,1,1
13,5,Tikrapara,21.257460847915848,81.6181771988966,Pedestrian,Moderate,1,1,0,Highway,Clear,Day,100,Damaged,2023-06-24 13:00:00,6,1,0,0,0,2,0,2
23,2,Jail Road,21.230109352747338,81.63928611031056,Overturning,Moderate,1,2,2,Highway,Rainy,Night,80,Good,2023-12-27 23:00:00,12,0,1,0,2,0,1,2
2,3,Jail Road,21.22273288952962,81.64482375907329,Pedestrian,Minor,0,1,1,Intersection,Rainy,Night,40,Damaged,2023-12-07 02:00:00,12,0,1,0,2,2,1,3