hour,day_of_week,location,latitude,longitude,accident_type,severity,severity_encoded,vehicles_involved,casualties,road_type,weather,light_condition,speed_limit,road_condition,datetime,month,is_weekend,is_night,is_rush_hour,weather_encoded,road_cond_encoded,light_encoded,road_type_encoded
12,3,Tikrapara,21.26335944036867,81.62003727955366,Overturning,Minor,0,3,1,Urban,Clear,Day,40,Wet,2023-11-23 12:00:00,11,0,0,0,0,1,0,0
10,1,Telibandha,21.24462247201766,81.64716790764754,Collision,Moderate,1,2,0,Intersection,Rainy,Day,40,Wet,2023-08-01 10:00:00,8,0,0,0,2,1,0,3
19,2,Jail Road,21.23546287536188,81.63720435776975,Pedestrian,Fatal,3,4,2,Urban,Clear,Day,80,Wet,2023-12-06 19:00:00,12,0,0,1,0,1,0,0
23,4,Tikrapara,21.260816213775875,81.6148784880246,Skid,Moderate,1,3,0,Intersection,Clear,Night,80,Good,2023-12-08 23:00:00,12,0,1,0,0,0,1,3
20,3,Shankar Nagar,21.243544082286636,81.643258499494,Pedestrian,Severe,2,1,2,Intersection,Clear,Day,100,Wet,2023-10-26 20:00:00,10,0,0,0,0,1,0,3
4,5,Mowa,21.2784359290066,81.64444163233227,Skid,Severe,2,2,2,Rural,Rainy,Night,40,Wet,2023-02-04 04:00:00,2,1,1,0,2,1,1,1
16,4,Telibandha,21.23919704334846,81.64853275581486,Pedestrian,Moderate,1,1,2,Highway,Clear,Day,80,Good,2023-11-03 16:00:00,11,0,0,0,0,0,0,2
14,0,GE Road,21.249499560046598,81.65133274131784,Collision,Minor,0,2,1,Highway,Clear,Day,100,Damaged,2023-08-28 14:00:00,8,0,0,0,0,2,0,2
11,0,Mowa,21.27693877391058,81.64504620891147,Pedestrian,Fatal,3,2,3,Highway,Clear,Day,80,Wet,2023-07-31 11:00:00,7,0,0,0,0,1,0,2
21,0,Ring Road No 1,21.267068135378494,81.64619385841297,Pedestrian,Severe,2,3,2,Rural,Foggy,Day,60,Wet,2023-10-16 21:00:00,10,0,0,0,3,1,0,1
23,4,Ring Road No 1,21.266798779161903,81.65738126809534,Overturning,Moderate,1,4,0,Urban,Foggy,Night,100,Good,2023-05-12 23:00:00,5,0,1,0,3,0,1,0
23,0,Fafadih,21.233856011283606,81.66299725255588,Hit-and-run,Fatal,3,1,2,Rural,Cloudy,Night,100,Wet,2023-01-09 23:00:00,1,0,1,0,1,1,1,1
4,4,Katora Talab,21.239811015973107,81.63367355305446,Skid,Severe,2,2,3,Highway,Cloudy,Night,40,Wet,2023-04-07 04:00:00,4,0,1,0,1,1,1,2
4,1,Amanaka,21.27054684067061,81.63105740141114,Overturning,Minor,0,1,1,Urban,Rainy,Night,100,Good,2023-02-14 04:00:00,2,0,1,0,2,0,1,0
17,6,Katora Talab,21.23711590508559,81.63599433598694,Pedestrian,Fatal,3,1,1,Highway,Clear,Day,60,Under repair,2023-09-10 17:00:00,9,1,0,1,0,3,0,2
17,3,Ring Road No 1,21.26494848906878,81.6543962741708,Collision,Minor,0,2,0,Intersection,Cloudy,Day,100,Damaged,2023-04-20 17:00:00,4,0,0,1,1,2,0,3
14,6,Devendra Nagar,21.243275593465597,81.62180217972998,Overturning,Minor,0,2,1,Rural,Clear,Day,60,Under repair,2023-04-23 14:00:00,4,1,0,0,0,3,0,1
13,2,Devendra Nagar,21.25128652203797,81.62294901487871,Collision,Moderate,1,1,1,Intersection,Clear,Day,80,Good,2023-07-05 13:00:00,7,0,0,0,0,0,0,3
18,0,Amanaka,21.270600101361936,81.63479896987484,Skid,Moderate,1,3,1,Intersection,Clear,Day,60,Wet,2023-04-10 18:00:00,4,0,0,1,0,1,0,3
8,3,Shankar Nagar,21.241034957521087,81.64697058763268,Skid,Minor,0,3,1,Intersection,Rainy,Day,60,Wet,2023-07-20 08:00:00,7,0,0,1,2,1,0,3
16,5,Pandri,21.24981689576424,81.62621814342887,Collision,Moderate,1,1,0,Rural,Cloudy,Day,60,Under repair,2023-07-01 16:00:00,7,1,0,0,1,3,0,1
5,6,Telibandha,21.237547779168093,81.64409488199482,Pedestrian,Fatal,3,3,2,Intersection,Clear,Night,40,Wet,2023-10-29 05:00:00,10,1,1,0,0,1,1,3
16,5,GE Road,21.24924613760505,81.64599561420644,Collision,Minor,0,3,1,Highway,Clear,Day,80,Wet,2023-06-17 16:00:00,6,1,0,0,0,1,0,2
1,5,Mowa,21.28075228589278,81.64027975728132,Collision,Fatal,3,1,3,Urban,Clear,Night,80,Good,2023-01-07 01:00:00,1,1,1,0,0,0,1,0
7,5,Mowa,21.281563411806736,81.64649545197922,Skid,Severe,2,2,3,Urban,Rainy,Day,40,Wet,2023-12-30 07:00:00,12,1,0,1,2,1,0,0
6,3,Amanaka,21.27234352600886,81.63435383513342,Hit-and-run,Moderate,1,4,1,Highway,Clear,Day,60,Good,2023-02-23 06:00:00,2,0,0,0,0,0,0,2
11,5,Tikrapara,21.26052334349012,81.61412504517958,Hit-and-run,Fatal,3,3,1,Rural,Clear,Day,40,Good,2023-01-07 11:00:00,1,1,0,0,0,0,0,1
1,5,GE Road,21.25079866188244,81.6463186845958,Skid,Moderate,1,1,2,Rural,Clear,Night,60,Wet,2023-12-02 01:00:00,12,1,1,0,0,1,1,1
5,3,Amanaka,21.27208297914345,81.64271825716774,Hit-and-run,Moderate,1,1,2,Urban,Clear,Night,60,Good,2023-02-02 05:00:00,2,0,1,0,0,0,1,0
14,5,Katora Talab,21.23819946490792,81.62852657955314,Overturning,Fatal,3,4,0,Intersection,Rainy,Day,60,Damaged,2023-12-30 14:00:00,12,1,0,0,2,2,0,3
10,0,Katora Talab,21.235616309421257,81.63486747277612,Pedestrian,Severe,2,3,0,Urban,Foggy,Day,100,Wet,2023-10-23 10:00:00,10,0,0,0,3,1,0,0
9,4,Katora Talab,21.23696207227578,81.63230756062318,Pedestrian,Moderate,1,1,2,Highway,Clear,Day,60,Good,2023-08-25 09:00:00,8,0,0,1,0,0,0,2
18,2,Telibandha,21.23963587522791,81.64637249748924,Overturning,Severe,2,1,1,Intersection,Rainy,Day,100,Good,2023-12-20 18:00:00,12,0,0,1,2,0,0,3
15,1,Telibandha,21.236065273831947,81.65203739292481,Hit-and-run,Fatal,3,1,4,Rural,Clear,Day,40,Good,2023-01-03 15:00:00,1,0,0,0,0,0,0,1
15,3,Shankar Nagar,21.240453010307363,81.64371463481648,Overturning,Minor,0,4,1,Intersection,Clear,Day,100,Good,2023-02-09 15:00:00,2,0,0,0,0,0,0,3
21,2,Telibandha,21.234791608676037,81.65539447765137,Collision,Severe,2,2,0,Urban,Rainy,Day,100,Good,2023-12-27 21:00:00,12,0,0,0,2,0,0,0
1,4,Mowa,21.27657719023279,81.6416290002846,Pedestrian,Severe,2,2,0,Urban,Clear,Night,100,Good,2023-05-19 01:00:00,5,0,1,0,0,0,1,0
16,4,Mowa,21.27989183978327,81.6406039501425,Pedestrian,Moderate,1,3,2,Intersection,Clear,Day,60,Good,2023-09-08 16:00:00,9,0,0,0,0,0,0,3
2,6,Fafadih,21.233530217883214,81.66292607017355,Hit-and-run,Moderate,1,4,1,Rural,Clear,Night,80,Good,2023-08-27 02:00:00,8,1,1,0,0,0,1,1
10,3,Ring Road No 1,21.266281839697516,81.65357449230792,Pedestrian,Minor,0,3,1,Rural,Clear,Day,80,Wet,2023-06-08 10:00:00,6,0,0,0,0,1,0,1
4,5,Katora Talab,21.23618456860859,81.63406010467787,Overturning,Moderate,1,1,2,Highway,Cloudy,Night,80,Under repair,2023-09-30 04:00:00,9,1,1,0,1,3,1,2
10,0,Shankar Nagar,21.25054732567408,81.64494966720474,Pedestrian,Moderate,1,2,2,Rural,Rainy,Day,40,Good,2023-02-27 10:00:00,2,0,0,0,2,0,0,1
23,5,Devendra Nagar,21.24283452903104,81.6236999644913,Skid,Fatal,3,1,3,Highway,Clear,Night,60,Wet,2023-05-27 23:00:00,5,1,1,0,0,1,1,2
18,5,Tikrapara,21.259094570583667,81.61829399729824,Collision,Moderate,1,2,1,Rural,Clear,Day,100,Good,2023-02-04 18:00:00,2,1,0,1,0,0,0,1
23,5,Jail Road,21.22611151452688,81.63886423029685,Pedestrian,Moderate,1,2,0,Urban,Rainy,Night,60,Good,2023-06-03 23:00:00,6,1,1,0,2,0,1,0
8,6,Fafadih,21.23853466731958,81.66293722890262,Skid,Moderate,1,1,1,Rural,Rainy,Day,100,Damaged,2023-03-12 08:00:00,3,1,0,1,2,2,0,1
12,4,Jail Road,21.222326515775546,81.6437501704775,Pedestrian,Moderate,1,2,1,Urban,Clear,Day,100,Good,2023-03-10 12:00:00,3,0,0,0,0,0,0,0
16,3,Shankar Nagar,21.246768888568727,81.64102214408707,Pedestrian,Moderate,1,4,2,Intersection,Rainy,Day,80,Good,2023-12-07 16:00:00,12,0,0,0,2,0,0,3
6,0,Ring Road No 1,21.26555179063135,81.64862180236756,Hit-and-run,Minor,0,3,1,Intersection,Rainy,Day,100,Damaged,2023-04-03 06:00:00,4,0,0,0,2,2,0,3
13,2,Ring Road No 1,21.261989232851203,81.65569563908201,Pedestrian,Moderate,1,1,2,Urban,Clear,Day,60,Wet,2023-04-05 13:00:00,4,0,0,0,0,1,0,0
22,3,Amanaka,21.26918480988039,81.62939080501414,Pedestrian,Fatal,3,2,4,Highway,Cloudy,Night,100,Good,2023-02-16 22:00:00,2,0,1,0,1,0,1,2
18,6,Tikrapara,21.25991009033166,81.61846423482126,Hit-and-run,Severe,2,3,2,Rural,Clear,Day,80,Good,2023-12-17 18:00:00,12,1,0,1,0,0,0,1
5,4,Katora Talab,21.24029510570812,81.63454300926654,Pedestrian,Fatal,3,1,2,Highway,Clear,Night,40,Damaged,2023-11-10 05:00:00,11,0,1,0,0,2,1,2
7,1,Fafadih,21.23183525306568,81.66433516843568,Pedestrian,Fatal,3,2,3,Intersection,Clear,Day,60,Good,2023-07-25 07:00:00,7,0,0,1,0,0,0,3
0,4,Amanaka,21.2703623706975,81.6327499319553,Hit-and-run,Moderate,1,4,1,Intersection,Clear,Night,40,Good,2023-11-10 00:00:00,11,0,1,0,0,0,1,3
22,4,Katora Talab,21.240164992681624,81.63508098529356,Pedestrian,Minor,0,2,1,Highway,Clear,Night,100,Good,2023-10-27 22:00:00,10,0,1,0,0,0,1,2
17,4,Katora Talab,21.23670877790004,81.63503372517424,Pedestrian,Minor,0,3,1,Intersection,Clear,Day,40,Wet,2023-07-28 17:00:00,7,0,0,1,0,1,0,3
5,1,Katora Talab,21.23348799488575,81.63291703867147,Skid,Severe,2,4,1,Rural,Clear,Night,100,Good,2023-10-03 05:00:00,10,0,1,0,0,0,1,1
12,3,Jail Road,21.229810747805494,81.63951600891492,Pedestrian,Minor,0,1,1,Intersection,Clear,Day,40,Good,2023-04-20 12:00:00,4,0,0,0,0,0,0,3
4,4,Telibandha,21.24271728514845,81.65075221755818,Pedestrian,Minor,0,4,1,Highway,Clear,Night,80,Damaged,2023-07-21 04:00:00,7,0,1,0,0,2,1,2
9,2,Jail Road,21.23236471176791,81.64012818606373,Overturning,Severe,2,2,2,Urban,Rainy,Day,40,Good,2023-09-13 09:00:00,9,0,0,1,2,0,0,0
22,2,Shankar Nagar,21.24666886545124,81.64329258326971,Overturning,Minor,0,2,1,Intersection,Cloudy,Night,60,Under repair,2023-02-01 22:00:00,2,0,1,0,1,3,1,3
8,1,Telibandha,21.238940261456165,81.65006015073311,Collision,Minor,0,3,0,Rural,Clear,Day,100,Wet,2023-09-26 08:00:00,9,0,0,1,0,1,0,1
5,6,Devendra Nagar,21.242736684121127,81.62492074716042,Collision,Moderate,1,1,2,Rural,Foggy,Night,100,Good,2023-03-19 05:00:00,3,1,1,0,3,0,1,1
23,1,Devendra Nagar,21.24547938579639,81.62189402411946,Collision,Severe,2,2,3,Highway,Clear,Night,80,Good,2023-08-01 23:00:00,8,0,1,0,0,0,1,2
3,3,Pandri,21.25471938531244,81.62584935192231,Skid,Severe,2,2,0,Intersection,Clear,Night,60,Under repair,2023-11-23 03:00:00,11,0,1,0,0,3,1,3
0,1,Amanaka,21.2687325123137,81.63808315624634,Hit-and-run,Severe,2,3,2,Intersection,Clear,Night,60,Damaged,2023-02-07 00:00:00,2,0,1,0,0,2,1,3
13,2,Telibandha,21.239846568822763,81.64995642321703,Skid,Severe,2,2,1,Urban,Clear,Day,80,Good,2023-02-08 13:00:00,2,0,0,0,0,0,0,0
14,6,Amanaka,21.27075301062945,81.63553824251315,Collision,Minor,0,4,0,Rural,Clear,Day,40,Good,2023-01-08 14:00:00,1,1,0,0,0,0,0,1
0,0,Jail Road,21.225250012361144,81.63905221434396,Collision,Severe,2,4,3,Intersection,Cloudy,Night,40,Good,2023-12-04 00:00:00,12,0,1,0,1,0,1,3
7,6,Fafadih,21.237949564963543,81.65922202759566,Overturning,Severe,2,1,2,Intersection,Rainy,Day,80,Good,2023-04-30 07:00:00,4,1,0,1,2,0,0,3
5,4,Ring Road No 1,21.262445096957688,81.64957513771007,Hit-and-run,Severe,2,2,2,Urban,Rainy,Night,60,Good,2023-02-03 05:00:00,2,0,1,0,2,0,1,0
21,6,Telibandha,21.23863895433005,81.64835063150602,Pedestrian,Minor,0,1,1,Urban,Foggy,Day,40,Damaged,2023-09-17 21:00:00,9,1,0,0,3,2,0,0
0,6,Devendra Nagar,21.247060224506477,81.62399194023688,Overturning,Fatal,3,4,1,Rural,Clear,Night,40,Damaged,2023-10-08 00:00:00,10,1,1,0,0,2,1,1
23,5,Pandri,21.25372064284532,81.62644717650143,Skid,Severe,2,1,1,Rural,Clear,Night,60,Good,2023-09-02 23:00:00,9,1,1,0,0,0,1,1
11,1,Ring Road No 1,21.262378978551357,81.65052283210517,Overturning,Severe,2,3,3,Urban,Clear,Day,60,Wet,2023-03-28 11:00:00,3,0,0,0,0,1,0,0
9,3,Katora Talab,21.238066940730263,81.63212033640838,Pedestrian,Fatal,3,4,3,Rural,Clear,Day,80,Good,2023-05-25 09:00:00,5,0,0,1,0,0,0,1
8,1,GE Road,21.253946961412776,81.65245924677156,Skid,Severe,2,1,1,Urban,Clear,Day,40,Wet,2023-10-31 08:00:00,10,0,0,1,0,1,0,0
3,3,Jail Road,21.226833382957093,81.63862738131532,Pedestrian,Moderate,1,2,2,Highway,Clear,Night,80,Damaged,2023-05-11 03:00:00,5,0,1,0,0,2,1,2
8,0,Fafadih,21.23150420547512,81.66909715861402,Overturning,Moderate,1,1,1,Highway,Cloudy,Day,80,Good,2023-01-30 08:00:00,1,0,0,1,1,0,0,2
14,2,Telibandha,21.237610299684377,81.65513287632646,Hit-and-run,Minor,0,1,1,Rural,Clear,Day,80,Good,2023-04-19 14:00:00,4,0,0,0,0,0,0,1
7,2,GE Road,21.24740010401468,81.6459310471015,Overturning,Severe,2,1,3,Rural,Rainy,Day,40,Good,2023-12-20 07:00:00,12,0,0,1,2,0,0,1
11,4,Ring Road No 1,21.261340186404457,81.64866293206566,Hit-and-run,Moderate,1,3,2,Intersection,Clear,Day,80,Wet,2023-05-12 11:00:00,5,0,0,0,0,1,0,3
15,0,Mowa,21.278096303797525,81.64017366539184,Overturning,Minor,0,4,1,Highway,Clear,Day,100,Good,2023-04-17 15:00:00,4,0,0,0,0,0,0,2
23,3,Devendra Nagar,21.2431419752218,81.62687541598942,Overturning,Moderate,1,3,0,Urban,Clear,Night,40,Wet,2023-07-13 23:00:00,7,0,1,0,0,1,1,0
6,6,Katora Talab,21.24037138086754,81.63734788949513,Hit-and-run,Moderate,1,2,1,Urban,Clear,Day,80,Good,2023-01-01 06:00:00,1,1,0,0,0,0,0,0
7,2,Tikrapara,21.26167199686676,81.61897822919734,Collision,Minor,0,2,1,Rural,Rainy,Day,100,Under repair,2023-10-25 07:00:00,10,0,0,1,2,3,0,1
22,3,Fafadih,21.231608907928003,81.65834052748573,Skid,Moderate,1,1,0,Highway,Foggy,Night,100,Good,2023-03-09 22:00:00,3,0,1,0,3,0,1,2
2,0,Mowa,21.279988987110297,81.63877910882236,Hit-and-run,Minor,0,1,0,Rural,Clear,Night,60,Good,2023-09-25 02:00:00,9,0,1,0,0,0,1,1
19,2,Amanaka,21.267018237212472,81.63845873976862,Pedestrian,Fatal,3,2,0,Urban,Foggy,Day,80,Good,2023-03-22 19:00:00,3,0,0,1,3,0,0,0
23,5,Fafadih,21.238801947125168,81.6623798854145,Collision,Severe,2,3,1,Urban,Rainy,Night,100,Damaged,2023-03-11 23:00:00,3,1,1,0,2,2,1,0
0,2,Amanaka,21.27331937145688,81.63426245504768,Hit-and-run,Moderate,1,4,2,Rural,Clear,Night,100,Under repair,2023-12-27 00:00:00,12,0,1,0,0,3,1,1
6,4,Amanaka,21.265986977441734,81.63683651485586,Overturning,Severe,2,1,2,Highway,Rainy,Day,100,Good,2023-09-08 06:00:00,9,0,0,0,2,0,0,2
9,6,Shankar Nagar,21.24520786796981,81.64231500566164,Skid,Severe,2,4,3,Urban,Clear,Day,100,Good,2023-11-05 09:00:00,11,1,0,1,0,0,0,0
6,2,Pandri,21.250672873625685,81.63248663173574,Skid,Moderate,1,4,0,Intersection,Rainy,Day,40,Under repair,2023-12-06 06:00:00,12,0,0,0,2,3,0,3
9,2,Katora Talab,21.23374280089972,81.63217865826333,Overturning,Severe,2,3,3,Rural,Foggy,Day,60,Good,2023-01-11 09:00:00,1,0,0,1,3,0,0,1
3,4,Ring Road No 1,21.26037568047972,81.65145491888791,Hit-and-run,Severe,2,4,3,Highway,Foggy,Night,100,Under repair,2023-03-24 03:00:00,3,0,1,0,3,3,1,2
3,6,GE Road,21.247936320963674,81.64684727345845,Pedestrian,Severe,2,2,3,Urban,Clear,Night,80,Damaged,2023-10-29 03:00:00,10,1,1,0,0,2,1,0
8,1,Shankar Nagar,21.24138273331332,81.641318175003,Hit-and-run,Minor,0,4,1,Highway,Clear,Day,60,Good,2023-01-17 08:00:00,1,0,0,1,0,0,0,2
5,4,Mowa,21.274437876660787,81.64256161497612,Pedestrian,Minor,0,1,0,Intersection,Clear,Night,80,Under repair,2023-12-22 05:00:00,12,0,1,0,0,3,1,3
18,5,Telibandha,21.242641910951995,81.65050647411695,Hit-and-run,Moderate,1,4,0,Rural,Cloudy,Day,40,Wet,2023-05-13 18:00:00,5,1,0,1,1,1,0,1
17,2,Fafadih,21.237723963434405,81.66520199455762,Pedestrian,Fatal,3,4,1,Highway,Rainy,Day,80,Good,2023-12-13 17:00:00,12,0,0,1,2,0,0,2
3,5,Devendra Nagar,21.24793320514174,81.62362405752792,Overturning,Moderate,1,4,0,Intersection,Clear,Night,40,Good,2023-04-15 03:00:00,4,1,1,0,0,0,1,3
8,3,GE Road,21.251267501164737,81.65119139931709,Collision,Fatal,3,3,2,Highway,Clear,Day,40,Good,2023-05-11 08:00:00,5,0,0,1,0,0,0,2
1,5,Ring Road No 1,21.26222498817149,81.64555243774561,Collision,Moderate,1,2,0,Highway,Rainy,Night,40,Wet,2023-05-20 01:00:00,5,1,1,0,2,1,1,2
14,5,Amanaka,21.27147601216231,81.6316067941102,Pedestrian,Severe,2,4,1,Urban,Rainy,Day,80,Wet,2023-01-21 14:00:00,1,1,0,0,2,1,0,0
14,0,Amanaka,21.267113576315428,81.635000671844,Skid,Severe,2,4,1,Rural,Cloudy,Day,40,Damaged,2023-03-20 14:00:00,3,0,0,0,1,2,0,1
15,3,Jail Road,21.22951462536734,81.63586377318106,Overturning,Severe,2,3,2,Intersection,Rainy,Day,80,Wet,2023-11-02 15:00:00,11,0,0,0,2,1,0,3
22,5,Mowa,21.2793964746924,81.64519841898259,Pedestrian,Severe,2,4,0,Highway,Cloudy,Night,80,Good,2023-10-14 22:00:00,10,1,1,0,1,0,1,2
4,5,GE Road,21.2478149752892,81.65271744999255,Collision,Severe,2,4,3,Intersection,Clear,Night,40,Wet,2023-12-23 04:00:00,12,1,1,0,0,1,1,3
0,1,Tikrapara,21.255419487524613,81.62505197243311,Skid,Minor,0,2,0,Rural,Rainy,Night,40,Under repair,2023-07-25 00:00:00,7,0,1,0,2,3,1,1
12,3,Telibandha,21.23766621870855,81.65053685099048,Skid,Minor,0,1,0,Highway,Cloudy,Day,100,Wet,2023-06-29 12:00:00,6,0,0,0,1,1,0,2
11,6,Mowa,21.27322389928254,81.6421135918006,Collision,Severe,2,4,0,Urban,Clear,Day,100,Wet,2023-08-27 11:00:00,8,1,0,0,0,1,0,0
14,1,Ring Road No 1,21.264085446533155,81.6509415136877,Skid,Moderate,1,1,1,Rural,Clear,Day,60,Under repair,2023-12-19 14:00:00,12,0,0,0,0,3,0,1
18,2,Mowa,21.27721075676884,81.63946030644442,Skid,Fatal,3,2,4,Highway,Rainy,Day,100,Under repair,2023-03-22 18:00:00,3,0,0,1,2,3,0,2
12,4,Devendra Nagar,21.24899157985861,81.623492421405,Overturning,Severe,2,1,1,Rural,Clear,Day,80,Good,2023-08-25 12:00:00,8,0,0,0,0,0,0,1
20,5,Shankar Nagar,21.248122257129552,81.64052055293561,Collision,Minor,0,3,1,Intersection,Cloudy,Day,80,Damaged,2023-07-22 20:00:00,7,1,0,0,1,2,0,3
13,2,Telibandha,21.237595615919883,81.65254678273378,Overturning,Minor,0,2,0,Urban,Clear,Day,100,Wet,2023-06-21 13:00:00,6,0,0,0,0,1,0,0
3,4,Devendra Nagar,21.240731075113988,81.61975960991954,Skid,Severe,2,1,1,Intersection,Clear,Night,40,Good,2023-12-22 03:00:00,12,0,1,0,0,0,1,3
19,1,Pandri,21.25469245491406,81.62608419821233,Collision,Moderate,1,2,0,Highway,Foggy,Day,100,Good,2023-12-26 19:00:00,12,0,0,1,3,0,0,2
10,3,Devendra Nagar,21.240142846954093,81.62900558156423,Pedestrian,Minor,0,2,1,Urban,Clear,Day,40,Wet,2023-07-27 10:00:00,7,0,0,0,0,1,0,0
8,1,Devendra Nagar,21.241418547056377,81.62395235819498,Pedestrian,Minor,0,4,0,Intersection,Clear,Day,40,Good,2023-10-17 08:00:00,10,0,0,1,0,0,0,3
16,2,Shankar Nagar,21.243707255578173,81.63366811505014,Pedestrian,Minor,0,2,0,Urban,Clear,Day,100,Damaged,2023-05-03 16:00:00,5,0,0,0,0,2,0,0
20,4,Mowa,21.27809804893049,81.64364523974844,Skid,Moderate,1,3,0,Intersection,Rainy,Day,40,Good,2023-10-13 20:00:00,10,0,0,0,2,0,0,3
0,0,Pandri,21.25246292814456,81.6323105620514,Skid,Moderate,1,4,0,Rural,Cloudy,Night,60,Wet,2023-08-14 00:00:00,8,0,1,0,1,1,1,1
17,3,Fafadih,21.231937526055283,81.66333751332627,Skid,Moderate,1,3,0,Urban,Clear,Day,60,Good,2023-01-19 17:00:00,1,0,0,1,0,0,0,0
18,5,Jail Road,21.22773201279576,81.63586859775077,Hit-and-run,Fatal,3,4,1,Rural,Foggy,Day,100,Wet,2023-10-28 18:00:00,10,1,0,1,3,1,0,1
10,6,Devendra Nagar,21.24170681487296,81.61901366863442,Pedestrian,Minor,0,3,1,Highway,Clear,Day,80,Good,2023-05-07 10:00:00,5,1,0,0,0,0,0,2
22,3,GE Road,21.254228757903675,81.64435627947282,Hit-and-run,Minor,0,2,1,Rural,Cloudy,Night,80,Good,2023-08-17 22:00:00,8,0,1,0,1,0,1,1
6,0,Telibandha,21.23972211652195,81.64930222741778,Skid,Severe,2,1,0,Intersection,Clear,Day,100,Wet,2023-08-21 06:00:00,8,0,0,0,0,1,0,3
8,2,Shankar Nagar,21.24319205427965,81.6461908218856,Skid,Minor,0,4,0,Rural,Clear,Day,60,Under repair,2023-04-12 08:00:00,4,0,0,1,0,3,0,1
7,2,Devendra Nagar,21.244284717898356,81.62523480468465,Skid,Minor,0,4,0,Highway,Clear,Day,40,Good,2023-06-21 07:00:00,6,0,0,1,0,0,0,2
3,2,Katora Talab,21.236812690054144,81.6340439432831,Collision,Severe,2,3,0,Rural,Clear,Night,60,Good,2023-12-20 03:00:00,12,0,1,0,0,0,1,1
21,2,Amanaka,21.27689990737316,81.63067597476287,Collision,Fatal,3,2,3,Highway,Rainy,Day,100,Damaged,2023-10-11 21:00:00,10,0,0,0,2,2,0,2
0,0,GE Road,21.255067395506316,81.65086921969647,Collision,Moderate,1,3,2,Highway,Rainy,Night,80,Damaged,2023-05-08 00:00:00,5,0,1,0,2,2,1,2
17,6,Katora Talab,21.235261425016105,81.63938795555232,Pedestrian,Minor,0,3,0,Rural,Clear,Day,40,Wet,2023-01-22 17:00:00,1,1,0,1,0,1,0,1
22,0,Ring Road No 1,21.257855669662835,81.6496347000281,Overturning,Minor,0,2,1,Intersection,Rainy,Night,40,Wet,2023-02-27 22:00:00,2,0,1,0,2,1,1,3
2,0,Shankar Nagar,21.239874553387192,81.64333625039461,Hit-and-run,Severe,2,3,3,Highway,Clear,Night,60,Under repair,2023-05-01 02:00:00,5,0,1,0,0,3,1,2
9,4,Shankar Nagar,21.24016080769644,81.64339919184022,Overturning,Fatal,3,3,1,Highway,Foggy,Day,60,Wet,2023-03-24 09:00:00,3,0,0,1,3,1,0,2
18,1,Ring Road No 1,21.262840690752537,81.64976193817203,Pedestrian,Minor,0,1,1,Rural,Clear,Day,80,Wet,2023-06-27 18:00:00,6,0,0,1,0,1,0,1
19,2,Ring Road No 1,21.264565941738105,81.6503941351282,Collision,Minor,0,2,0,Urban,Clear,Day,60,Good,2023-06-14 19:00:00,6,0,0,1,0,0,0,0
11,3,Amanaka,21.266734095470824,81.64340411896892,Overturning,Moderate,1,1,1,Intersection,Clear,Day,80,Good,2023-08-10 11:00:00,8,0,0,0,0,0,0,3
3,0,Katora Talab,21.23523849845091,81.62784717275954,Hit-and-run,Moderate,1,3,0,Rural,Clear,Night,60,Under repair,2023-11-20 03:00:00,11,0,1,0,0,3,1,1
12,1,GE Road,21.24867370393084,81.64509816993488,Skid,Minor,0,3,0,Intersection,Clear,Day,60,Damaged,2023-12-12 12:00:00,12,0,0,0,0,2,0,3
10,0,Ring Road No 1,21.265878436848123,81.65216495797878,Pedestrian,Severe,2,2,0,Intersection,Clear,Day,60,Under repair,2023-10-16 10:00:00,10,0,0,0,0,3,0,3
15,1,Ring Road No 1,21.264596138405373,81.6500899326025,Pedestrian,Minor,0,4,0,Urban,Clear,Day,80,Damaged,2023-10-10 15:00:00,10,0,0,0,0,2,0,0
8,4,Fafadih,21.23226194925883,81.66008720668917,Hit-and-run,Minor,0,1,1,Urban,Clear,Day,60,Good,2023-09-08 08:00:00,9,0,0,1,0,0,0,0
7,5,Pandri,21.251156420447597,81.6321060003061,Skid,Moderate,1,2,2,Intersection,Clear,Day,80,Wet,2023-09-23 07:00:00,9,1,0,1,0,1,0,3
18,6,Katora Talab,21.237708226237515,81.63600033848887,Overturning,Moderate,1,3,1,Urban,Clear,Day,60,Good,2023-03-05 18:00:00,3,1,0,1,0,0,0,0
4,1,GE Road,21.252698676724748,81.65155332731214,Pedestrian,Moderate,1,2,0,Intersection,Cloudy,Night,60,Good,2023-08-01 04:00:00,8,0,1,0,1,0,1,3