hour,day_of_week,location,latitude,longitude,accident_type,severity,severity_encoded,vehicles_involved,casualties,road_type,weather,light_condition,speed_limit,road_condition,datetime,month,is_weekend,is_night,is_rush_hour,weather_encoded,road_cond_encoded,light_encoded,road_type_encoded
10,1,Telibandha,21.23976445012462,81.65117654421803,Hit-and-run,Minor,0,2,1,Rural,Clear,Day,100,Damaged,2023-08-29 10:00:00,8,0,0,0,0,2,0,1
5,1,Ring Road No 1,21.26696641872358,81.649204862246,Pedestrian,Severe,2,1,0,Intersection,Foggy,Night,100,Good,2023-01-17 05:00:00,1,0,1,0,3,0,1,3
4,4,Pandri,21.248832772260144,81.62604223520243,Collision,Moderate,1,2,2,Intersection,Rainy,Night,80,Good,2023-08-04 04:00:00,8,0,1,0,2,0,1,3
21,3,Tikrapara,21.26064874369086,81.61313880327634,Skid,Minor,0,2,0,Highway,Clear,Day,60,Good,2023-07-06 21:00:00,7,0,0,0,0,0,0,2
3,0,Tikrapara,21.26148646228818,81.6183724207165,Overturning,Moderate,1,4,2,Highway,Foggy,Night,100,Good,2023-12-25 03:00:00,12,0,1,0,3,0,1,2
15,4,Mowa,21.282303919099466,81.64028424806861,Collision,Moderate,1,1,0,Highway,Clear,Day,80,Good,2023-05-12 15:00:00,5,0,0,0,0,0,0,2
8,0,Tikrapara,21.25949004514375,81.62206660999989,Hit-and-run,Moderate,1,2,1,Highway,Clear,Day,40,Wet,2023-09-18 08:00:00,9,0,0,1,0,1,0,2
22,1,Mowa,21.283049406940336,81.64025954290275,Skid,Severe,2,2,1,Rural,Clear,Night,60,Good,2023-08-29 22:00:00,8,0,1,0,0,0,1,1
7,0,Tikrapara,21.260645343697764,81.61958325693305,Skid,Minor,0,2,1,Intersection,Cloudy,Day,100,Good,2023-10-30 07:00:00,10,0,0,1,1,0,0,3
14,1,Telibandha,21.240020960216864,81.64931227302205,Skid,Moderate,1,1,0,Highway,Clear,Day,80,Good,2023-08-22 14:00:00,8,0,0,0,0,0,0,2
16,3,Shankar Nagar,21.247344150194373,81.63643088954913,Pedestrian,Fatal,3,4,1,Urban,Clear,Day,100,Wet,2023-05-25 16:00:00,5,0,0,0,0,1,0,0
17,4,Katora Talab,21.2354366092956,81.63584379219832,Pedestrian,Severe,2,1,2,Intersection,Foggy,Day,80,Under repair,2023-09-08 17:00:00,9,0,0,1,3,3,0,3
18,3,Jail Road,21.23117167443585,81.64415827709185,Hit-and-run,Minor,0,3,1,Intersection,Rainy,Day,40,Damaged,2023-12-21 18:00:00,12,0,0,1,2,2,0,3
23,1,GE Road,21.254794676179603,81.64804337512408,Pedestrian,Severe,2,3,1,Urban,Foggy,Night,40,Good,2023-12-26 23:00:00,12,0,1,0,3,0,1,0
13,3,Fafadih,21.236999613730596,81.65905787476866,Overturning,Moderate,1,3,1,Intersection,Clear,Day,100,Wet,2023-06-08 13:00:00,6,0,0,0,0,1,0,3
18,6,Shankar Nagar,21.246292662148377,81.64753156743527,Overturning,Moderate,1,1,0,Rural,Clear,Day,80,Damaged,2023-09-24 18:00:00,9,1,0,1,0,2,0,1
4,4,Fafadih,21.236744832320564,81.66151731115056,Hit-and-run,Minor,0,3,1,Urban,Rainy,Night,60,Under repair,2023-10-27 04:00:00,10,0,1,0,2,3,1,0
1,6,Fafadih,21.232104663684684,81.65661422611122,Pedestrian,Moderate,1,4,1,Intersection,Clear,Night,60,Good,2023-11-19 01:00:00,11,1,1,0,0,0,1,3
18,5,Tikrapara,21.261031618913744,81.61535434831609,Skid,Severe,2,4,3,Highway,Clear,Day,100,Wet,2023-09-16 18:00:00,9,1,0,1,0,1,0,2
4,0,Jail Road,21.22742059600916,81.6365277625978,Collision,Severe,2,1,0,Highway,Clear,Night,80,Good,2023-03-20 04:00:00,3,0,1,0,0,0,1,2
13,4,Devendra Nagar,21.24421882300203,81.62331609175654,Skid,Moderate,1,1,1,Intersection,Rainy,Day,80,Wet,2023-12-08 13:00:00,12,0,0,0,2,1,0,3
18,2,Shankar Nagar,21.2443208437435,81.64029848009376,Hit-and-run,Severe,2,4,3,Highway,Rainy,Day,40,Wet,2023-05-10 18:00:00,5,0,0,1,2,1,0,2
22,6,Pandri,21.254607851119182,81.62897538422602,Hit-and-run,Fatal,3,4,1,Rural,Clear,Night,60,Wet,2023-01-01 22:00:00,1,1,1,0,0,1,1,1
20,0,Mowa,21.2765368327002,81.64297887680173,Hit-and-run,Fatal,3,4,3,Rural,Clear,Day,60,Wet,2023-12-11 20:00:00,12,0,0,0,0,1,0,1
1,2,Katora Talab,21.24259065850063,81.63550548169961,Overturning,Moderate,1,1,2,Intersection,Cloudy,Night,60,Wet,2023-04-12 01:00:00,4,0,1,0,1,1,1,3
20,0,Shankar Nagar,21.24241143311788,81.63751761593164,Pedestrian,Fatal,3,2,2,Urban,Clear,Day,100,Good,2023-04-03 20:00:00,4,0,0,0,0,0,0,0
21,4,Jail Road,21.229141763037084,81.64080478437526,Skid,Moderate,1,2,1,Rural,Clear,Day,100,Good,2023-08-18 21:00:00,8,0,0,0,0,0,0,1
2,3,Tikrapara,21.258937257326235,81.61370384608529,Hit-and-run,Severe,2,4,0,Rural,Clear,Night,40,Good,2023-12-07 02:00:00,12,0,1,0,0,0,1,1
20,2,Mowa,21.27634830383149,81.64666361538266,Hit-and-run,Moderate,1,1,1,Highway,Foggy,Day,40,Good,2023-02-08 20:00:00,2,0,0,0,3,0,0,2
12,4,Amanaka,21.27430200301119,81.63234008249239,Hit-and-run,Fatal,3,4,2,Intersection,Foggy,Day,60,Damaged,2023-07-21 12:00:00,7,0,0,0,3,2,0,3
14,3,Ring Road No 1,21.2654182703616,81.64766428164569,Skid,Fatal,3,2,2,Intersection,Clear,Day,100,Wet,2023-02-16 14:00:00,2,0,0,0,0,1,0,3
6,3,Tikrapara,21.264312948845987,81.61943570754369,Overturning,Severe,2,3,1,Rural,Clear,Day,80,Wet,2023-01-26 06:00:00,1,0,0,0,0,1,0,1
15,4,Ring Road No 1,21.26624892449585,81.64605471995846,Overturning,Severe,2,1,0,Intersection,Clear,Day,60,Wet,2023-07-14 15:00:00,7,0,0,0,0,1,0,3
19,4,Tikrapara,21.262132911305777,81.61867697780895,Overturning,Moderate,1,3,2,Intersection,Clear,Day,40,Good,2023-12-01 19:00:00,12,0,0,1,0,0,0,3
8,2,Devendra Nagar,21.24815578721237,81.6261446033943,Hit-and-run,Severe,2,2,3,Urban,Rainy,Day,40,Damaged,2023-02-15 08:00:00,2,0,0,1,2,2,0,0
14,5,Devendra Nagar,21.245797354068426,81.62159751108271,Skid,Moderate,1,2,2,Highway,Clear,Day,80,Good,2023-04-01 14:00:00,4,1,0,0,0,0,0,2
12,3,GE Road,21.25353908854654,81.64871953650179,Collision,Moderate,1,1,2,Intersection,Foggy,Day,60,Good,2023-06-22 12:00:00,6,0,0,0,3,0,0,3
1,3,Ring Road No 1,21.260781645139417,81.64843954330563,Skid,Minor,0,1,1,Intersection,Clear,Night,40,Damaged,2023-03-02 01:00:00,3,0,1,0,0,2,1,3
2,5,Katora Talab,21.232268506751065,81.63296912652132,Pedestrian,Severe,2,4,1,Intersection,Clear,Night,80,Under repair,2023-02-25 02:00:00,2,1,1,0,0,3,1,3
5,5,Mowa,21.28220807613822,81.64283348939912,Hit-and-run,Severe,2,4,3,Intersection,Rainy,Night,100,Wet,2023-11-18 05:00:00,11,1,1,0,2,1,1,3
9,1,Fafadih,21.231510696882232,81.66361456781453,Collision,Moderate,1,4,0,Urban,Clear,Day,100,Wet,2023-07-04 09:00:00,7,0,0,1,0,1,0,0
10,6,GE Road,21.24870257013483,81.64918605082299,Overturning,Moderate,1,1,0,Urban,Clear,Day,60,Good,2023-02-19 10:00:00,2,1,0,0,0,0,0,0
6,3,Ring Road No 1,21.262861108881825,81.65353739187677,Hit-and-run,Minor,0,2,1,Rural,Cloudy,Day,100,Good,2023-02-23 06:00:00,2,0,0,0,1,0,0,1
13,0,Shankar Nagar,21.23876831488724,81.63954940676255,Skid,Severe,2,1,2,Intersection,Rainy,Day,100,Good,2023-05-08 13:00:00,5,0,0,0,2,0,0,3
2,2,Telibandha,21.23398526302272,81.64932120983457,Skid,Minor,0,1,1,Intersection,Clear,Night,40,Good,2023-11-08 02:00:00,11,0,1,0,0,0,1,3
10,3,Jail Road,21.2334342825109,81.63858365837105,Pedestrian,Minor,0,3,1,Urban,Rainy,Day,80,Wet,2023-07-06 10:00:00,7,0,0,0,2,1,0,0
13,5,Jail Road,21.22826794818541,81.64271517327256,Pedestrian,Severe,2,2,1,Urban,Clear,Day,60,Good,2023-01-14 13:00:00,1,1,0,0,0,0,0,0
14,4,Telibandha,21.242105648675366,81.64983428679818,Skid,Moderate,1,2,1,Intersection,Clear,Day,80,Good,2023-10-06 14:00:00,10,0,0,0,0,0,0,3
16,6,Telibandha,21.24095414456215,81.64686913637736,Overturning,Fatal,3,3,3,Rural,Rainy,Day,80,Good,2023-07-30 16:00:00,7,1,0,0,2,0,0,1
4,6,Mowa,21.283033923001778,81.64874611888182,Collision,Moderate,1,1,2,Rural,Foggy,Night,40,Wet,2023-12-17 04:00:00,12,1,1,0,3,1,1,1
15,2,Pandri,21.25296364737357,81.62334700513597,Skid,Severe,2,1,2,Highway,Clear,Day,40,Good,2023-10-04 15:00:00,10,0,0,0,0,0,0,2
0,5,Pandri,21.24972530921281,81.631438475965,Overturning,Severe,2,4,3,Rural,Rainy,Night,80,Good,2023-02-25 00:00:00,2,1,1,0,2,0,1,1
6,6,Shankar Nagar,21.242235551008505,81.64591659566275,Hit-and-run,Severe,2,4,3,Urban,Clear,Day,100,Damaged,2023-10-29 06:00:00,10,1,0,0,0,2,0,0
10,1,Amanaka,21.271764471793308,81.6328805734977,Skid,Minor,0,4,1,Rural,Clear,Day,100,Under repair,2023-07-18 10:00:00,7,0,0,0,0,3,0,1
18,6,Tikrapara,21.260196794432314,81.61601850033809,Overturning,Minor,0,2,0,Highway,Foggy,Day,80,Good,2023-09-03 18:00:00,9,1,0,1,3,0,0,2
9,2,Tikrapara,21.259552245364763,81.6170362202787,Overturning,Severe,2,2,2,Rural,Clear,Day,40,Good,2023-09-06 09:00:00,9,0,0,1,0,0,0,1
19,2,Telibandha,21.2424242854007,81.65644803617049,Collision,Minor,0,3,1,Urban,Clear,Day,100,Good,2023-03-01 19:00:00,3,0,0,1,0,0,0,0
18,5,Mowa,21.27460643500029,81.63653035114137,Skid,Moderate,1,3,2,Intersection,Clear,Day,100,Good,2023-11-25 18:00:00,11,1,0,1,0,0,0,3
0,3,Devendra Nagar,21.24486448273445,81.61884475290351,Skid,Severe,2,1,0,Intersection,Rainy,Night,80,Good,2023-07-13 00:00:00,7,0,1,0,2,0,1,3
12,5,Ring Road No 1,21.263538634811013,81.65344680834141,Overturning,Minor,0,3,1,Rural,Clear,Day,80,Under repair,2023-04-29 12:00:00,4,1,0,0,0,3,0,1
3,6,Fafadih,21.2375824256918,81.66180418367614,Hit-and-run,Severe,2,3,2,Rural,Clear,Night,100,Good,2023-08-20 03:00:00,8,1,1,0,0,0,1,1
18,4,Devendra Nagar,21.24502053432545,81.61746484525028,Skid,Minor,0,4,1,Intersection,Clear,Day,80,Good,2023-05-05 18:00:00,5,0,0,1,0,0,0,3
2,2,Jail Road,21.22987855544756,81.64031386178165,Hit-and-run,Severe,2,4,3,Rural,Clear,Night,100,Under repair,2023-03-22 02:00:00,3,0,1,0,0,3,1,1
2,1,Shankar Nagar,21.24541687044264,81.63997453569542,Hit-and-run,Severe,2,4,2,Rural,Cloudy,Night,100,Wet,2023-11-14 02:00:00,11,0,1,0,1,1,1,1
7,1,Jail Road,21.228494842199293,81.63566599323408,Hit-and-run,Minor,0,1,0,Highway,Clear,Day,80,Wet,2023-10-03 07:00:00,10,0,0,1,0,1,0,2
11,5,Fafadih,21.226226121579348,81.6578745087276,Overturning,Moderate,1,3,2,Rural,Rainy,Day,80,Good,2023-05-27 11:00:00,5,1,0,0,2,0,0,1
2,2,Ring Road No 1,21.25868902255724,81.65221013688627,Pedestrian,Moderate,1,3,1,Urban,Rainy,Night,100,Good,2023-10-18 02:00:00,10,0,1,0,2,0,1,0
19,4,Telibandha,21.23734559783,81.64848528860978,Collision,Fatal,3,4,2,Urban,Clear,Day,60,Good,2023-04-07 19:00:00,4,0,0,1,0,0,0,0
19,5,Tikrapara,21.257146760861477,81.60900230370247,Hit-and-run,Minor,0,1,1,Urban,Cloudy,Day,60,Wet,2023-07-08 19:00:00,7,1,0,1,1,1,0,0
12,2,Shankar Nagar,21.24802493224624,81.63909918843167,Hit-and-run,Moderate,1,4,2,Rural,Foggy,Day,100,Wet,2023-11-01 12:00:00,11,0,0,0,3,1,0,1
22,3,Katora Talab,21.23546273979045,81.63013532350413,Overturning,Fatal,3,4,1,Highway,Rainy,Night,100,Good,2023-03-16 22:00:00,3,0,1,0,2,0,1,2
16,5,GE Road,21.254115791030323,81.64933028681111,Overturning,Fatal,3,4,0,Intersection,Rainy,Day,100,Wet,2023-11-25 16:00:00,11,1,0,0,2,1,0,3
0,2,Fafadih,21.230620904144203,81.66002331116596,Skid,Severe,2,3,2,Highway,Rainy,Night,100,Wet,2023-06-21 00:00:00,6,0,1,0,2,1,1,2
5,0,GE Road,21.25623453976637,81.64868109170435,Collision,Fatal,3,1,0,Intersection,Cloudy,Night,60,Wet,2023-07-24 05:00:00,7,0,1,0,1,1,1,3
12,4,Ring Road No 1,21.262854799387156,81.64837585554159,Pedestrian,Moderate,1,3,1,Intersection,Clear,Day,60,Good,2023-03-17 12:00:00,3,0,0,0,0,0,0,3
21,0,GE Road,21.245516256548584,81.64841988397926,Overturning,Minor,0,1,0,Intersection,Clear,Day,100,Good,2023-06-05 21:00:00,6,0,0,0,0,0,0,3
23,1,GE Road,21.252176455336976,81.65219875339298,Skid,Moderate,1,3,2,Highway,Cloudy,Night,100,Wet,2023-10-10 23:00:00,10,0,1,0,1,1,1,2
16,6,Katora Talab,21.2299545103965,81.63112471101893,Skid,Moderate,1,2,2,Highway,Clear,Day,80,Good,2023-12-10 16:00:00,12,1,0,0,0,0,0,2
19,4,Devendra Nagar,21.24385777672833,81.62338955745429,Hit-and-run,Minor,0,2,1,Highway,Rainy,Day,100,Wet,2023-06-23 19:00:00,6,0,0,1,2,1,0,2
2,2,Pandri,21.25096489892541,81.62923493394294,Overturning,Fatal,3,4,3,Urban,Rainy,Night,40,Damaged,2023-06-28 02:00:00,6,0,1,0,2,2,1,0
10,4,Katora Talab,21.23792428817571,81.63179012066766,Overturning,Minor,0,1,0,Intersection,Clear,Day,80,Good,2023-02-24 10:00:00,2,0,0,0,0,0,0,3
4,4,GE Road,21.254002424326703,81.65020035732509,Hit-and-run,Fatal,3,2,2,Highway,Clear,Night,60,Good,2023-10-13 04:00:00,10,0,1,0,0,0,1,2
0,3,Mowa,21.277940503207617,81.64710272397568,Pedestrian,Moderate,1,1,2,Rural,Foggy,Night,60,Good,2023-05-04 00:00:00,5,0,1,0,3,0,1,1
21,6,Katora Talab,21.241369248106714,81.63729868606558,Overturning,Minor,0,1,1,Intersection,Cloudy,Day,60,Good,2023-05-14 21:00:00,5,1,0,0,1,0,0,3
10,6,Devendra Nagar,21.236544329688297,81.62813683527816,Overturning,Minor,0,4,1,Rural,Rainy,Day,80,Wet,2023-08-06 10:00:00,8,1,0,0,2,1,0,1
23,4,Mowa,21.281284275567412,81.64831922591314,Skid,Severe,2,1,0,Rural,Foggy,Night,100,Good,2023-05-05 23:00:00,5,0,1,0,3,0,1,1
11,2,Jail Road,21.2335123937752,81.64483502803249,Pedestrian,Minor,0,3,0,Highway,Cloudy,Day,80,Damaged,2023-03-08 11:00:00,3,0,0,0,1,2,0,2
4,4,Katora Talab,21.23933596455054,81.63854607959594,Skid,Moderate,1,3,1,Urban,Clear,Night,40,Wet,2023-08-18 04:00:00,8,0,1,0,0,1,1,0
3,6,Telibandha,21.244882371222204,81.65074966421513,Skid,Moderate,1,1,1,Rural,Clear,Night,60,Good,2023-05-28 03:00:00,5,1,1,0,0,0,1,1
16,6,Devendra Nagar,21.240883308367764,81.62247761729996,Collision,Moderate,1,1,1,Rural,Rainy,Day,100,Under repair,2023-01-08 16:00:00,1,1,0,0,2,3,0,1
20,5,Shankar Nagar,21.244669836798156,81.64232466275311,Overturning,Severe,2,3,0,Highway,Clear,Day,40,Damaged,2023-04-29 20:00:00,4,1,0,0,0,2,0,2
17,2,Amanaka,21.266260314101523,81.63010679712443,Hit-and-run,Fatal,3,2,1,Intersection,Clear,Day,40,Good,2023-06-21 17:00:00,6,0,0,1,0,0,0,3
21,2,GE Road,21.248976511994098,81.65132321866795,Skid,Moderate,1,3,2,Urban,Clear,Day,80,Good,2023-11-15 21:00:00,11,0,0,0,0,0,0,0
20,5,Fafadih,21.23784101931247,81.66394970284132,Pedestrian,Fatal,3,4,1,Urban,Foggy,Day,100,Good,2023-12-23 20:00:00,12,1,0,0,3,0,0,0
9,6,Telibandha,21.242072281861343,81.6498575532805,Collision,Severe,2,4,0,Urban,Clear,Day,60,Good,2023-03-26 09:00:00,3,1,0,1,0,0,0,0
21,6,Amanaka,21.264773752626883,81.63363433825735,Hit-and-run,Minor,0,4,1,Urban,Clear,Day,40,Damaged,2023-11-26 21:00:00,11,1,0,0,0,2,0,0
8,2,Ring Road No 1,21.262623706764384,81.6497088425395,Hit-and-run,Moderate,1,1,1,Intersection,Clear,Day,100,Wet,2023-01-18 08:00:00,1,0,0,1,0,1,0,3
9,3,Fafadih,21.23326408459613,81.66252425927968,Collision,Moderate,1,4,0,Intersection,Clear,Day,60,Good,2023-02-23 09:00:00,2,0,0,1,0,0,0,3
16,0,Pandri,21.25395904556473,81.6287656404069,Overturning,Severe,2,1,1,Highway,Cloudy,Day,60,Damaged,2023-10-30 16:00:00,10,0,0,0,1,2,0,2
12,2,Katora Talab,21.230988721783064,81.63305136684212,Hit-and-run,Severe,2,1,2,Highway,Rainy,Day,40,Good,2023-05-31 12:00:00,5,0,0,0,2,0,0,2
13,6,Fafadih,21.233231131190976,81.66486842376639,Overturning,Minor,0,2,0,Urban,Clear,Day,80,Good,2023-05-14 13:00:00,5,1,0,0,0,0,0,0
14,1,Shankar Nagar,21.241796576473448,81.6436376308852,Overturning,Moderate,1,2,0,Rural,Clear,Day,100,Damaged,2023-03-07 14:00:00,3,0,0,0,0,2,0,1
9,4,Jail Road,21.230670263698908,81.64023170159938,Hit-and-run,Minor,0,1,1,Highway,Clear,Day,100,Under repair,2023-10-27 09:00:00,10,0,0,1,0,3,0,2
2,6,Jail Road,21.23259159995797,81.63811747640975,Collision,Severe,2,4,0,Rural,Rainy,Night,60,Good,2023-04-23 02:00:00,4,1,1,0,2,0,1,1
8,1,Shankar Nagar,21.24177444065107,81.64206429753072,Skid,Severe,2,1,2,Rural,Clear,Day,40,Good,2023-05-16 08:00:00,5,0,0,1,0,0,0,1
9,6,Devendra Nagar,21.24367956048472,81.62492403687317,Hit-and-run,Moderate,1,2,2,Intersection,Cloudy,Day,80,Wet,2023-05-14 09:00:00,5,1,0,1,1,1,0,3
2,4,Fafadih,21.230960423086906,81.66187891262322,Collision,Severe,2,2,3,Highway,Rainy,Night,80,Wet,2023-05-12 02:00:00,5,0,1,0,2,1,1,2
4,1,Mowa,21.27859948169364,81.64294477789434,Hit-and-run,Minor,0,2,1,Urban,Clear,Night,100,Under repair,2023-08-08 04:00:00,8,0,1,0,0,3,1,0
9,6,Ring Road No 1,21.26202077581481,81.65018273511642,Overturning,Severe,2,1,3,Rural,Foggy,Day,40,Good,2023-03-26 09:00:00,3,1,0,1,3,0,0,1
0,4,Amanaka,21.27028802780399,81.6356062235185,Collision,Moderate,1,2,1,Urban,Rainy,Night,80,Good,2023-05-19 00:00:00,5,0,1,0,2,0,1,0
12,5,Fafadih,21.233087394253825,81.66631608706953,Overturning,Minor,0,2,0,Urban,Clear,Day,80,Under repair,2023-06-24 12:00:00,6,1,0,0,0,3,0,0
11,1,Ring Road No 1,21.260427789243774,81.65100738861514,Skid,Minor,0,3,0,Rural,Clear,Day,60,Damaged,2023-07-04 11:00:00,7,0,0,0,0,2,0,1
11,2,Fafadih,21.22837911293365,81.662316244436,Collision,Moderate,1,3,2,Urban,Clear,Day,40,Good,2023-01-04 11:00:00,1,0,0,0,0,0,0,0
4,0,Mowa,21.27555426039087,81.64146506923238,Collision,Moderate,1,2,2,Urban,Clear,Night,100,Wet,2023-02-06 04:00:00,2,0,1,0,0,1,1,0
4,0,Shankar Nagar,21.242383807024005,81.6429426733798,Pedestrian,Minor,0,2,0,Intersection,Clear,Night,60,Good,2023-05-08 04:00:00,5,0,1,0,0,0,1,3
14,1,Ring Road No 1,21.261741627247364,81.64941408290692,Skid,Severe,2,1,2,Intersection,Clear,Day,100,Wet,2023-08-08 14:00:00,8,0,0,0,0,1,0,3
18,2,Mowa,21.283207569392257,81.64315370037143,Skid,Fatal,3,3,4,Urban,Rainy,Day,40,Good,2023-05-31 18:00:00,5,0,0,1,2,0,0,0
20,1,Mowa,21.27721684744393,81.64154749898458,Overturning,Minor,0,4,1,Highway,Foggy,Day,80,Good,2023-06-27 20:00:00,6,0,0,0,3,0,0,2
14,5,Jail Road,21.23473606485681,81.63939450536525,Pedestrian,Minor,0,1,0,Highway,Rainy,Day,100,Good,2023-08-05 14:00:00,8,1,0,0,2,0,0,2
6,6,Ring Road No 1,21.261332170130544,81.64914501154962,Hit-and-run,Moderate,1,1,1,Urban,Foggy,Day,80,Good,2023-12-31 06:00:00,12,1,0,0,3,0,0,0
21,2,Tikrapara,21.258452620557037,81.61691650683272,Collision,Minor,0,3,0,Highway,Clear,Day,40,Good,2023-10-11 21:00:00,10,0,0,0,0,0,0,2
0,2,Amanaka,21.26616105645495,81.63162739970916,Hit-and-run,Moderate,1,1,0,Urban,Clear,Night,80,Under repair,2023-10-04 00:00:00,10,0,1,0,0,3,1,0
11,6,Shankar Nagar,21.24101203887692,81.64387471305535,Pedestrian,Severe,2,4,0,Rural,Clear,Day,100,Good,2023-02-26 11:00:00,2,1,0,0,0,0,0,1
18,0,Shankar Nagar,21.242356288138183,81.64147851493271,Overturning,Minor,0,4,0,Intersection,Foggy,Day,60,Good,2023-06-12 18:00:00,6,0,0,1,3,0,0,3
1,4,Devendra Nagar,21.249410264075763,81.62728502144982,Pedestrian,Minor,0,4,0,Urban,Clear,Night,80,Damaged,2023-06-30 01:00:00,6,0,1,0,0,2,1,0
20,1,Mowa,21.278053625170585,81.64040740946795,Skid,Minor,0,1,0,Intersection,Rainy,Day,40,Under repair,2023-10-10 20:00:00,10,0,0,0,2,3,0,3
1,3,Tikrapara,21.25750670905898,81.62077832730913,Collision,Minor,0,3,0,Highway,Cloudy,Night,80,Damaged,2023-06-22 01:00:00,6,0,1,0,1,2,1,2
15,2,GE Road,21.250585878299432,81.64774051532903,Pedestrian,Minor,0,1,0,Intersection,Cloudy,Day,80,Good,2023-10-25 15:00:00,10,0,0,0,1,0,0,3
12,4,Devendra Nagar,21.24315900627459,81.62109100077296,Hit-and-run,Minor,0,2,1,Highway,Clear,Day,100,Wet,2023-09-29 12:00:00,9,0,0,0,0,1,0,2
3,5,Jail Road,21.23076017457448,81.63615368520234,Pedestrian,Moderate,1,4,0,Highway,Clear,Night,100,Good,2023-03-25 03:00:00,3,1,1,0,0,0,1,2
18,2,Amanaka,21.27298460608136,81.63339846606856,Hit-and-run,Moderate,1,2,0,Highway,Clear,Day,80,Damaged,2023-04-12 18:00:00,4,0,0,1,0,2,0,2
12,3,Ring Road No 1,21.26295109216725,81.64718906612558,Overturning,Severe,2,1,1,Rural,Clear,Day,100,Good,2023-12-07 12:00:00,12,0,0,0,0,0,0,1
14,4,Fafadih,21.233062902185274,81.66021503717192,Hit-and-run,Severe,2,2,0,Urban,Rainy,Day,60,Good,2023-12-01 14:00:00,12,0,0,0,2,0,0,0
10,3,Katora Talab,21.23654975820343,81.63891512669508,Pedestrian,Minor,0,2,0,Intersection,Cloudy,Day,60,Under repair,2023-03-02 10:00:00,3,0,0,0,1,3,0,3
1,4,Fafadih,21.23363309413737,81.65881602244755,Pedestrian,Severe,2,3,3,Rural,Clear,Night,80,Good,2023-05-12 01:00:00,5,0,1,0,0,0,1,1
17,6,Shankar Nagar,21.24136604026836,81.64388539355774,Hit-and-run,Minor,0,3,1,Highway,Clear,Day,40,Good,2023-09-17 17:00:00,9,1,0,1,0,0,0,2
5,5,Jail Road,21.23369607987298,81.64094575406226,Overturning,Moderate,1,2,1,Intersection,Rainy,Night,60,Good,2023-10-21 05:00:00,10,1,1,0,2,0,1,3
20,1,Fafadih,21.235166138233662,81.66302921317,Skid,Severe,2,3,1,Intersection,Rainy,Day,80,Good,2023-07-04 20:00:00,7,0,0,0,2,0,0,3
23,2,Ring Road No 1,21.267657193240076,81.64535122948182,Hit-and-run,Minor,0,1,0,Highway,Clear,Night,100,Damaged,2023-09-13 23:00:00,9,0,1,0,0,2,1,2
2,6,Shankar Nagar,21.245501656817915,81.6450512081317,Hit-and-run,Severe,2,1,2,Urban,Rainy,Night,60,Good,2023-11-19 02:00:00,11,1,1,0,2,0,1,0
13,0,Fafadih,21.229083828881592,81.65854299544797,Collision,Moderate,1,1,0,Rural,Rainy,Day,100,Good,2023-12-11 13:00:00,12,0,0,0,2,0,0,1
6,2,GE Road,21.24864765175412,81.64671362941087,Skid,Fatal,3,2,0,Intersection,Cloudy,Day,60,Under repair,2023-12-13 06:00:00,12,0,0,0,1,3,0,3
21,5,Devendra Nagar,21.24415484884719,81.62412780843917,Overturning,Minor,0,3,0,Intersection,Rainy,Day,100,Damaged,2023-01-28 21:00:00,1,1,0,0,2,2,0,3
3,5,Tikrapara,21.262697023953503,81.62194395087332,Hit-and-run,Moderate,1,2,0,Highway,Clear,Night,40,Good,2023-04-29 03:00:00,4,1,1,0,0,0,1,2
14,2,Shankar Nagar,21.240986530816496,81.63956589100388,Skid,Severe,2,3,3,Rural,Clear,Day,40,Good,2023-12-20 14:00:00,12,0,0,0,0,0,0,1
21,0,Shankar Nagar,21.24744746552005,81.64404023180626,Hit-and-run,Moderate,1,1,2,Highway,Rainy,Day,40,Damaged,2023-11-06 21:00:00,11,0,0,0,2,2,0,2
14,0,Fafadih,21.23334859452561,81.66262001002666,Skid,Minor,0,2,1,Urban,Rainy,Day,80,Wet,2023-07-31 14:00:00,7,0,0,0,2,1,0,0
13,2,Shankar Nagar,21.243410588654445,81.64367375404915,Collision,Minor,0,2,0,Urban,Clear,Day,60,Damaged,2023-08-30 13:00:00,8,0,0,0,0,2,0,0
15,2,Katora Talab,21.23569179991048,81.63530641480332,Overturning,Minor,0,3,1,Highway,Cloudy,Day,60,Good,2023-07-12 15:00:00,7,0,0,0,1,0,0,2
11,6,Telibandha,21.23436836184889,81.64803664711552,Skid,Moderate,1,1,2,Rural,Foggy,Day,40,Good,2023-04-09 11:00:00,4,1,0,0,3,0,0,1