hour,day_of_week,location,latitude,longitude,accident_type,severity,severity_encoded,vehicles_involved,casualties,road_type,weather,light_condition,speed_limit,road_condition,datetime,month,is_weekend,is_night,is_rush_hour,weather_encoded,road_cond_encoded,light_encoded,road_type_encoded
10,2,Shankar Nagar,21.24146896646963,81.64097682990038,Overturning,Minor,0,4,1,Urban,Clear,Day,100,Under repair,2023-09-13 10:00:00,9,0,0,0,0,3,0,0
14,2,Fafadih,21.23032046023566,81.65959936912252,Hit-and-run,Moderate,1,1,1,Urban,Cloudy,Day,40,Good,2023-09-27 14:00:00,9,0,0,0,1,0,0,0
3,0,Shankar Nagar,21.238956757812808,81.64374610142919,Skid,Moderate,1,1,0,Rural,Clear,Night,80,Under repair,2023-06-12 03:00:00,6,0,1,0,0,3,1,1
14,2,Amanaka,21.269752459443264,81.62988437717668,Pedestrian,Fatal,3,4,0,Intersection,Clear,Day,80,Good,2023-08-02 14:00:00,8,0,0,0,0,0,0,3
13,5,Pandri,21.24889551026836,81.63060980428268,Skid,Minor,0,1,1,Intersection,Clear,Day,40,Good,2023-12-16 13:00:00,12,1,0,0,0,0,0,3
20,5,Pandri,21.249770934160843,81.62750917561958,Overturning,Minor,0,4,0,Intersection,Cloudy,Day,40,Good,2023-03-04 20:00:00,3,1,0,0,1,0,0,3
1,2,Tikrapara,21.259876221968977,81.61973079260554,Overturning,Severe,2,2,1,Highway,Clear,Night,40,Good,2023-11-29 01:00:00,11,0,1,0,0,0,1,2
10,5,Pandri,21.247090942628883,81.63125038544365,Overturning,Minor,0,3,0,Highway,Clear,Day,40,Wet,2023-05-06 10:00:00,5,1,0,0,0,1,0,2
23,2,Jail Road,21.22739912015518,81.64004621609526,Pedestrian,Moderate,1,4,2,Highway,Foggy,Night,100,Wet,2023-11-29 23:00:00,11,0,1,0,3,1,1,2
2,0,Telibandha,21.238793739577925,81.64851880164528,Pedestrian,Fatal,3,3,1,Rural,Clear,Night,40,Damaged,2023-05-29 02:00:00,5,0,1,0,0,2,1,1
10,3,Amanaka,21.26692902076161,81.63414294035573,Overturning,Moderate,1,2,1,Urban,Foggy,Day,60,Good,2023-08-31 10:00:00,8,0,0,0,3,0,0,0
13,6,Pandri,21.256275990927225,81.62551497490861,Pedestrian,Severe,2,1,0,Intersection,Foggy,Day,80,Good,2023-11-26 13:00:00,11,1,0,0,3,0,0,3
19,5,Tikrapara,21.26517693905732,81.61792083648677,Skid,Minor,0,2,0,Rural,Foggy,Day,100,Good,2023-09-23 19:00:00,9,1,0,1,3,0,0,1
15,4,Telibandha,21.239006114251268,81.64683986756584,Pedestrian,Minor,0,2,0,Intersection,Clear,Day,80,Wet,2023-02-03 15:00:00,2,0,0,0,0,1,0,3
13,3,Fafadih,21.230786191749967,81.65969127104988,Skid,Minor,0,1,0,Urban,Clear,Day,100,Under repair,2023-01-05 13:00:00,1,0,0,0,0,3,0,0
7,3,Jail Road,21.226662915087367,81.63947324612789,Overturning,Moderate,1,2,2,Highway,Rainy,Day,40,Under repair,2023-02-23 07:00:00,2,0,0,1,2,3,0,2
21,4,Katora Talab,21.235478952324577,81.64005234342731,Overturning,Moderate,1,3,1,Intersection,Clear,Day,40,Good,2023-11-03 21:00:00,11,0,0,0,0,0,0,3
0,3,Katora Talab,21.23320207744296,81.63480807155025,Skid,Severe,2,3,2,Intersection,Clear,Night,80,Damaged,2023-04-27 00:00:00,4,0,1,0,0,2,1,3
8,1,Tikrapara,21.260843538845705,81.61548903835404,Hit-and-run,Moderate,1,4,0,Intersection,Rainy,Day,100,Good,2023-05-02 08:00:00,5,0,0,1,2,0,0,3
16,0,Jail Road,21.23186048248636,81.63890501896135,Skid,Minor,0,2,0,Intersection,Rainy,Day,80,Good,2023-08-07 16:00:00,8,0,0,0,2,0,0,3
6,0,Pandri,21.24392283104525,81.63157954883631,Collision,Minor,0,3,1,Intersection,Clear,Day,80,Wet,2023-10-16 06:00:00,10,0,0,0,0,1,0,3
11,1,Ring Road No 1,21.260049177347693,81.64805667516158,Skid,Minor,0,1,1,Intersection,Clear,Day,60,Wet,2023-11-14 11:00:00,11,0,0,0,0,1,0,3
14,2,Katora Talab,21.23876370624868,81.63345851555275,Hit-and-run,Moderate,1,1,1,Urban,Rainy,Day,60,Good,2023-05-17 14:00:00,5,0,0,0,2,0,0,0
3,2,Devendra Nagar,21.248353316451656,81.6270304982861,Skid,Moderate,1,1,2,Intersection,Clear,Night,60,Wet,2023-11-22 03:00:00,11,0,1,0,0,1,1,3
19,0,Katora Talab,21.23476521461903,81.63687978748787,Collision,Fatal,3,4,4,Urban,Clear,Day,40,Damaged,2023-11-27 19:00:00,11,0,0,1,0,2,0,0
3,4,Telibandha,21.23663361759582,81.65679934775139,Hit-and-run,Severe,2,2,1,Urban,Clear,Night,60,Good,2023-12-08 03:00:00,12,0,1,0,0,0,1,0
10,2,Shankar Nagar,21.241421128986406,81.64517826232287,Skid,Moderate,1,1,2,Urban,Clear,Day,80,Under repair,2023-04-05 10:00:00,4,0,0,0,0,3,0,0
13,6,Devendra Nagar,21.248131370077644,81.62434826346633,Collision,Moderate,1,3,0,Urban,Clear,Day,80,Damaged,2023-03-05 13:00:00,3,1,0,0,0,2,0,0
22,4,Mowa,21.27688837051575,81.64184580752418,Skid,Minor,0,4,0,Intersection,Clear,Night,80,Good,2023-12-01 22:00:00,12,0,1,0,0,0,1,3
9,2,Shankar Nagar,21.237039235661168,81.64277326011515,Skid,Minor,0,2,0,Intersection,Rainy,Day,60,Damaged,2023-12-13 09:00:00,12,0,0,1,2,2,0,3
11,0,Amanaka,21.27104884599309,81.63540049825718,Hit-and-run,Moderate,1,3,0,Rural,Rainy,Day,40,Under repair,2023-02-27 11:00:00,2,0,0,0,2,3,0,1
18,6,Jail Road,21.22088008148612,81.63630309066474,Skid,Fatal,3,2,0,Rural,Clear,Day,80,Wet,2023-06-18 18:00:00,6,1,0,1,0,1,0,1
17,6,Ring Road No 1,21.261155727051456,81.65207497679957,Hit-and-run,Moderate,1,2,1,Rural,Clear,Day,60,Good,2023-12-17 17:00:00,12,1,0,1,0,0,0,1
11,4,Mowa,21.27976801671693,81.64178932862409,Collision,Minor,0,4,0,Urban,Clear,Day,60,Good,2023-10-27 11:00:00,10,0,0,0,0,0,0,0
3,3,Fafadih,21.23500573660981,81.65812127287408,Pedestrian,Severe,2,2,0,Highway,Rainy,Night,40,Good,2023-02-23 03:00:00,2,0,1,0,2,0,1,2
21,0,Tikrapara,21.26193070501708,81.62012422631453,Overturning,Severe,2,3,2,Highway,Clear,Day,60,Good,2023-07-10 21:00:00,7,0,0,0,0,0,0,2
5,0,Ring Road No 1,21.26453266419852,81.65065387870675,Collision,Minor,0,4,0,Rural,Clear,Night,100,Good,2023-03-06 05:00:00,3,0,1,0,0,0,1,1
9,6,Ring Road No 1,21.268892231474496,81.65267958706548,Collision,Severe,2,2,3,Highway,Clear,Day,80,Wet,2023-10-22 09:00:00,10,1,0,1,0,1,0,2
6,5,Mowa,21.27599499241024,81.64304491642721,Pedestrian,Minor,0,1,1,Urban,Clear,Day,60,Good,2023-09-23 06:00:00,9,1,0,0,0,0,0,0
0,4,Pandri,21.25365745013122,81.62783567420323,Pedestrian,Severe,2,4,0,Rural,Rainy,Night,40,Wet,2023-09-22 00:00:00,9,0,1,0,2,1,1,1
17,4,Shankar Nagar,21.246767816740796,81.64324610111714,Hit-and-run,Severe,2,2,0,Urban,Clear,Day,100,Wet,2023-08-18 17:00:00,8,0,0,1,0,1,0,0
23,6,Jail Road,21.222772564987004,81.64099901593202,Collision,Severe,2,2,1,Intersection,Foggy,Night,40,Wet,2023-08-13 23:00:00,8,1,1,0,3,1,1,3
12,2,GE Road,21.249981912536764,81.65051153944363,Skid,Severe,2,3,0,Intersection,Clear,Day,100,Damaged,2023-05-17 12:00:00,5,0,0,0,0,2,0,3
10,6,Pandri,21.254232644520755,81.63018548614143,Skid,Fatal,3,2,1,Rural,Foggy,Day,40,Wet,2023-01-08 10:00:00,1,1,0,0,3,1,0,1
21,6,Katora Talab,21.241695756701837,81.63396387934631,Pedestrian,Minor,0,3,0,Urban,Rainy,Day,80,Good,2023-01-15 21:00:00,1,1,0,0,2,0,0,0
5,2,GE Road,21.25307445346916,81.65131482772091,Skid,Severe,2,2,3,Highway,Cloudy,Night,80,Good,2023-10-11 05:00:00,10,0,1,0,1,0,1,2
10,1,Amanaka,21.26970796209332,81.63733632292394,Pedestrian,Severe,2,2,0,Intersection,Foggy,Day,40,Good,2023-02-21 10:00:00,2,0,0,0,3,0,0,3
15,4,Devendra Nagar,21.243815981038512,81.62213229474294,Overturning,Severe,2,2,1,Highway,Clear,Day,40,Wet,2023-12-15 15:00:00,12,0,0,0,0,1,0,2
22,2,Shankar Nagar,21.239562533928996,81.64282422734911,Hit-and-run,Minor,0,3,1,Urban,Clear,Night,40,Wet,2023-08-09 22:00:00,8,0,1,0,0,1,1,0
23,6,Mowa,21.279875755027565,81.64583778947575,Collision,Minor,0,2,1,Intersection,Clear,Night,40,Under repair,2023-04-16 23:00:00,4,1,1,0,0,3,1,3
15,4,Pandri,21.25377342001307,81.62874561333005,Collision,Severe,2,4,0,Urban,Rainy,Day,40,Damaged,2023-04-21 15:00:00,4,0,0,0,2,2,0,0
16,6,Amanaka,21.266465460938,81.63629855120756,Collision,Moderate,1,4,0,Rural,Clear,Day,100,Under repair,2023-07-09 16:00:00,7,1,0,0,0,3,0,1
9,1,Amanaka,21.273332259517243,81.63726555492141,Overturning,Minor,0,2,0,Rural,Clear,Day,80,Good,2023-03-07 09:00:00,3,0,0,1,0,0,0,1
4,6,Devendra Nagar,21.24885343257457,81.62276433140642,Skid,Severe,2,2,3,Intersection,Rainy,Night,40,Good,2023-06-18 04:00:00,6,1,1,0,2,0,1,3
23,3,Mowa,21.277500143095477,81.64008929594331,Overturning,Severe,2,1,1,Rural,Rainy,Night,80,Good,2023-03-23 23:00:00,3,0,1,0,2,0,1,1
18,0,Katora Talab,21.23653231060016,81.63426422761209,Overturning,Severe,2,3,2,Rural,Rainy,Day,100,Good,2023-02-20 18:00:00,2,0,0,1,2,0,0,1
23,3,Ring Road No 1,21.264020032885615,81.6508121076289,Collision,Moderate,1,4,1,Rural,Rainy,Night,60,Good,2023-08-17 23:00:00,8,0,1,0,2,0,1,1
1,6,Fafadih,21.23269911681082,81.65886991784107,Collision,Severe,2,3,2,Intersection,Cloudy,Night,100,Damaged,2023-05-14 01:00:00,5,1,1,0,1,2,1,3
18,3,Amanaka,21.272824857040654,81.63522955418674,Overturning,Minor,0,4,1,Urban,Rainy,Day,40,Under repair,2023-01-05 18:00:00,1,0,0,1,2,3,0,0
7,0,Pandri,21.250876668197144,81.62735771224025,Collision,Severe,2,3,0,Rural,Foggy,Day,40,Good,2023-02-06 07:00:00,2,0,0,1,3,0,0,1
18,1,Mowa,21.274904260668823,81.64622389257765,Skid,Minor,0,4,1,Rural,Clear,Day,80,Good,2023-01-10 18:00:00,1,0,0,1,0,0,0,1
1,5,Pandri,21.2530639161244,81.62472824647229,Skid,Minor,0,4,1,Rural,Foggy,Night,80,Wet,2023-01-07 01:00:00,1,1,1,0,3,1,1,1
6,3,Devendra Nagar,21.24788942690213,81.62616744351071,Overturning,Fatal,3,3,1,Rural,Clear,Day,100,Good,2023-09-28 06:00:00,9,0,0,0,0,0,0,1
19,2,Katora Talab,21.2370731283669,81.63929433268726,Overturning,Minor,0,2,1,Intersection,Clear,Day,100,Good,2023-10-25 19:00:00,10,0,0,1,0,0,0,3
1,4,Tikrapara,21.26075015892637,81.61444952941616,Collision,Severe,2,1,0,Urban,Rainy,Night,40,Damaged,2023-09-29 01:00:00,9,0,1,0,2,2,1,0
5,4,Devendra Nagar,21.246695507003142,81.62413469190514,Hit-and-run,Moderate,1,1,1,Rural,Rainy,Night,40,Good,2023-06-30 05:00:00,6,0,1,0,2,0,1,1
0,4,Shankar Nagar,21.241690109453668,81.64382067651063,Collision,Fatal,3,4,2,Highway,Clear,Night,100,Wet,2023-06-23 00:00:00,6,0,1,0,0,1,1,2
23,1,Mowa,21.273897004201427,81.64527170048234,Collision,Fatal,3,1,1,Urban,Rainy,Night,60,Good,2023-09-05 23:00:00,9,0,1,0,2,0,1,0
15,1,Mowa,21.276265634889185,81.63934516162466,Overturning,Minor,0,1,1,Rural,Clear,Day,80,Good,2023-07-25 15:00:00,7,0,0,0,0,0,0,1
9,3,GE Road,21.25085852568308,81.65019891878413,Hit-and-run,Fatal,3,2,2,Rural,Clear,Day,40,Under repair,2023-08-03 09:00:00,8,0,0,1,0,3,0,1
5,3,Katora Talab,21.23719177219078,81.63227202250269,Collision,Severe,2,2,3,Urban,Clear,Night,80,Under repair,2023-04-27 05:00:00,4,0,1,0,0,3,1,0
8,4,Jail Road,21.228281732126423,81.63670087295787,Hit-and-run,Fatal,3,2,4,Intersection,Rainy,Day,80,Under repair,2023-12-15 08:00:00,12,0,0,1,2,3,0,3
9,2,Shankar Nagar,21.24282596029511,81.64532506364353,Hit-and-run,Fatal,3,3,0,Highway,Cloudy,Day,80,Good,2023-05-17 09:00:00,5,0,0,1,1,0,0,2
12,3,Katora Talab,21.236687211187068,81.63707824276428,Hit-and-run,Fatal,3,2,2,Intersection,Clear,Day,40,Wet,2023-05-11 12:00:00,5,0,0,0,0,1,0,3
15,4,Mowa,21.283266204013177,81.64053594444289,Overturning,Moderate,1,4,1,Intersection,Clear,Day,60,Good,2023-05-05 15:00:00,5,0,0,0,0,0,0,3
7,2,Pandri,21.250840280240837,81.63611357858318,Collision,Minor,0,1,1,Highway,Clear,Day,100,Good,2023-06-14 07:00:00,6,0,0,1,0,0,0,2
14,4,Katora Talab,21.24103303023594,81.62948278642257,Overturning,Moderate,1,4,1,Intersection,Clear,Day,40,Wet,2023-10-20 14:00:00,10,0,0,0,0,1,0,3
3,6,Shankar Nagar,21.244661444948186,81.64210167997702,Pedestrian,Fatal,3,4,2,Urban,Rainy,Night,80,Wet,2023-10-29 03:00:00,10,1,1,0,2,1,1,0
6,3,Jail Road,21.232279359332576,81.63786506369755,Hit-and-run,Moderate,1,4,0,Rural,Clear,Day,100,Damaged,2023-11-09 06:00:00,11,0,0,0,0,2,0,1
18,1,Mowa,21.27638117488388,81.64027178785412,Overturning,Moderate,1,2,2,Intersection,Clear,Day,100,Good,2023-06-13 18:00:00,6,0,0,1,0,0,0,3
14,1,Amanaka,21.268284214361405,81.63744597250043,Collision,Moderate,1,3,0,Rural,Clear,Day,100,Damaged,2023-05-23 14:00:00,5,0,0,0,0,2,0,1
4,6,Mowa,21.275356396480557,81.64043215830013,Collision,Fatal,3,1,2,Rural,Cloudy,Night,80,Good,2023-01-29 04:00:00,1,1,1,0,1,0,1,1
20,3,Amanaka,21.264632962828497,81.63802135347024,Hit-and-run,Moderate,1,3,1,Rural,Foggy,Day,60,Good,2023-01-19 20:00:00,1,0,0,0,3,0,0,1
15,4,Jail Road,21.23361309029829,81.63911877970742,Hit-and-run,Fatal,3,3,2,Rural,Clear,Day,80,Wet,2023-04-21 15:00:00,4,0,0,0,0,1,0,1
12,3,Jail Road,21.22890615190556,81.64145966570685,Overturning,Fatal,3,2,1,Rural,Cloudy,Day,80,Under repair,2023-08-31 12:00:00,8,0,0,0,1,3,0,1
10,4,Pandri,21.25582344602213,81.63082583224269,Skid,Moderate,1,2,0,Intersection,Clear,Day,60,Good,2023-12-29 10:00:00,12,0,0,0,0,0,0,3
4,1,Ring Road No 1,21.26130737417257,81.64634353228405,Pedestrian,Severe,2,4,3,Rural,Clear,Night,100,Good,2023-08-29 04:00:00,8,0,1,0,0,0,1,1
18,3,Ring Road No 1,21.26005462121201,81.65141965835095,Pedestrian,Severe,2,4,3,Highway,Cloudy,Day,60,Good,2023-10-12 18:00:00,10,0,0,1,1,0,0,2
17,3,Devendra Nagar,21.2436340174304,81.62398490311797,Overturning,Moderate,1,4,2,Rural,Clear,Day,80,Wet,2023-11-09 17:00:00,11,0,0,1,0,1,0,1
9,5,Jail Road,21.22814122795129,81.63692556070612,Collision,Minor,0,4,1,Highway,Clear,Day,100,Good,2023-11-04 09:00:00,11,1,0,1,0,0,0,2
14,0,Mowa,21.27536890510564,81.64698706352813,Skid,Moderate,1,4,0,Intersection,Rainy,Day,80,Wet,2023-09-11 14:00:00,9,0,0,0,2,1,0,3
3,5,Shankar Nagar,21.246166963247557,81.64729155385548,Overturning,Fatal,3,3,0,Intersection,Clear,Night,60,Good,2023-10-28 03:00:00,10,1,1,0,0,0,1,3
1,0,Telibandha,21.240519852702267,81.64881002577415,Skid,Severe,2,4,3,Highway,Clear,Night,100,Wet,2023-06-26 01:00:00,6,0,1,0,0,1,1,2
1,0,Telibandha,21.24287002276747,81.65000079599591,Hit-and-run,Minor,0,1,0,Urban,Clear,Night,80,Damaged,2023-04-17 01:00:00,4,0,1,0,0,2,1,0
4,1,GE Road,21.251862525310877,81.64877152686277,Skid,Severe,2,2,1,Intersection,Clear,Night,60,Damaged,2023-01-10 04:00:00,1,0,1,0,0,2,1,3
9,3,Amanaka,21.261159287342146,81.63981420503688,Overturning,Minor,0,3,0,Highway,Clear,Day,60,Wet,2023-11-16 09:00:00,11,0,0,1,0,1,0,2
8,4,Amanaka,21.271473011837877,81.6359894691826,Collision,Minor,0,2,1,Highway,Clear,Day,80,Good,2023-08-04 08:00:00,8,0,0,1,0,0,0,2
11,0,Fafadih,21.232914671813187,81.66169028346116,Pedestrian,Minor,0,1,0,Urban,Clear,Day,40,Under repair,2023-10-30 11:00:00,10,0,0,0,0,3,0,0
13,0,GE Road,21.249408163192463,81.65074973805692,Skid,Severe,2,2,1,Rural,Rainy,Day,60,Wet,2023-07-17 13:00:00,7,0,0,0,2,1,0,1
11,0,Tikrapara,21.256178704966803,81.61925820529741,Skid,Moderate,1,2,2,Rural,Foggy,Day,100,Good,2023-09-04 11:00:00,9,0,0,0,3,0,0,1
7,6,Ring Road No 1,21.265084720411718,81.65060399259853,Skid,Moderate,1,1,2,Urban,Clear,Day,40,Damaged,2023-09-03 07:00:00,9,1,0,1,0,2,0,0
14,6,Ring Road No 1,21.264512603377412,81.6482259968233,Collision,Minor,0,4,0,Highway,Clear,Day,100,Good,2023-04-02 14:00:00,4,1,0,0,0,0,0,2
11,6,Pandri,21.248502519687317,81.63031015136308,Hit-and-run,Moderate,1,2,1,Rural,Clear,Day,60,Wet,2023-06-18 11:00:00,6,1,0,0,0,1,0,1
17,5,Telibandha,21.240935648963863,81.6444754030335,Overturning,Severe,2,2,2,Highway,Rainy,Day,60,Damaged,2023-07-22 17:00:00,7,1,0,1,2,2,0,2
5,1,Devendra Nagar,21.24716606190533,81.62177039549887,Overturning,Moderate,1,4,2,Highway,Clear,Night,40,Good,2023-08-15 05:00:00,8,0,1,0,0,0,1,2
22,4,Mowa,21.27832158173808,81.63828144622931,Hit-and-run,Severe,2,4,3,Rural,Foggy,Night,60,Damaged,2023-07-14 22:00:00,7,0,1,0,3,2,1,1
23,1,Amanaka,21.26744514827944,81.63789837597659,Hit-and-run,Moderate,1,1,0,Highway,Clear,Night,80,Good,2023-02-21 23:00:00,2,0,1,0,0,0,1,2
0,2,Shankar Nagar,21.24359859012194,81.64095166479487,Collision,Minor,0,2,1,Urban,Clear,Night,60,Good,2023-12-27 00:00:00,12,0,1,0,0,0,1,0
11,5,Telibandha,21.238550534942107,81.65156763547398,Skid,Fatal,3,4,1,Rural,Clear,Day,80,Good,2023-08-05 11:00:00,8,1,0,0,0,0,0,1
11,1,GE Road,21.25252148348849,81.64867491899881,Collision,Minor,0,1,0,Rural,Clear,Day,80,Good,2023-04-18 11:00:00,4,0,0,0,0,0,0,1
2,2,Mowa,21.28217887733269,81.64521138791072,Collision,Moderate,1,1,2,Intersection,Foggy,Night,80,Wet,2023-04-26 02:00:00,4,0,1,0,3,1,1,3
11,5,Shankar Nagar,21.244740116087392,81.64226383534873,Overturning,Minor,0,2,0,Urban,Clear,Day,40,Wet,2023-08-19 11:00:00,8,1,0,0,0,1,0,0
6,2,Ring Road No 1,21.26537196328536,81.6521428022654,Hit-and-run,Minor,0,4,0,Highway,Clear,Day,40,Good,2023-08-16 06:00:00,8,0,0,0,0,0,0,2
5,1,Amanaka,21.27318240021542,81.63769868413021,Hit-and-run,Minor,0,2,0,Rural,Clear,Night,40,Under repair,2023-10-17 05:00:00,10,0,1,0,0,3,1,1
6,3,Devendra Nagar,21.242545238295747,81.62014211048778,Hit-and-run,Minor,0,4,1,Highway,Clear,Day,60,Under repair,2023-02-09 06:00:00,2,0,0,0,0,3,0,2
8,0,Fafadih,21.23099625136679,81.6641284160702,Collision,Moderate,1,3,1,Highway,Clear,Day,40,Damaged,2023-02-13 08:00:00,2,0,0,1,0,2,0,2
1,0,Ring Road No 1,21.258671073009687,81.65238427216732,Collision,Moderate,1,3,2,Urban,Cloudy,Night,40,Wet,2023-01-16 01:00:00,1,0,1,0,1,1,1,0
19,5,GE Road,21.25228762927328,81.65238794417606,Overturning,Severe,2,1,1,Intersection,Cloudy,Day,100,Wet,2023-06-17 19:00:00,6,1,0,1,1,1,0,3
8,1,Tikrapara,21.260641016071997,81.61467037182825,Overturning,Fatal,3,4,4,Intersection,Rainy,Day,100,Good,2023-12-26 08:00:00,12,0,0,1,2,0,0,3
16,4,Fafadih,21.230221935118056,81.6576540134343,Pedestrian,Minor,0,3,1,Rural,Foggy,Day,40,Damaged,2023-05-12 16:00:00,5,0,0,0,3,2,0,1
9,6,Telibandha,21.237286168101,81.64955129529773,Collision,Minor,0,4,1,Intersection,Clear,Day,40,Damaged,2023-04-02 09:00:00,4,1,0,1,0,2,0,3
8,3,Mowa,21.275403675421337,81.64671198597196,Pedestrian,Severe,2,4,3,Highway,Foggy,Day,40,Good,2023-06-22 08:00:00,6,0,0,1,3,0,0,2
12,6,Katora Talab,21.232724155884146,81.63853831027158,Collision,Fatal,3,1,4,Intersection,Clear,Day,80,Good,2023-02-19 12:00:00,2,1,0,0,0,0,0,3
17,6,Mowa,21.28245548909432,81.64499490764908,Hit-and-run,Moderate,1,4,1,Highway,Clear,Day,80,Good,2023-01-22 17:00:00,1,1,0,1,0,0,0,2
9,3,Amanaka,21.26791870017751,81.63602735263754,Pedestrian,Minor,0,3,0,Intersection,Foggy,Day,100,Damaged,2023-02-16 09:00:00,2,0,0,1,3,2,0,3
17,4,Pandri,21.24756788659935,81.6323327211051,Collision,Minor,0,1,1,Highway,Clear,Day,60,Good,2023-09-29 17:00:00,9,0,0,1,0,0,0,2
13,6,Katora Talab,21.23647804565539,81.63327203935624,Overturning,Severe,2,3,3,Highway,Cloudy,Day,80,Good,2023-12-03 13:00:00,12,1,0,0,1,0,0,2
23,6,Shankar Nagar,21.239828765460032,81.63466748164412,Skid,Moderate,1,2,0,Intersection,Rainy,Night,100,Wet,2023-07-30 23:00:00,7,1,1,0,2,1,1,3
20,6,Shankar Nagar,21.24038437742889,81.64543839458683,Collision,Moderate,1,3,0,Intersection,Clear,Day,80,Wet,2023-08-13 20:00:00,8,1,0,0,0,1,0,3
7,6,Telibandha,21.237691499714572,81.64959201342865,Overturning,Severe,2,4,3,Highway,Rainy,Day,40,Good,2023-12-10 07:00:00,12,1,0,1,2,0,0,2
2,3,Shankar Nagar,21.245466663074865,81.64751700663435,Overturning,Minor,0,4,0,Highway,Clear,Night,100,Good,2023-08-24 02:00:00,8,0,1,0,0,0,1,2
23,5,Shankar Nagar,21.24747501396484,81.63918299498854,Overturning,Minor,0,4,1,Urban,Clear,Night,80,Under repair,2023-12-30 23:00:00,12,1,1,0,0,3,1,0
13,1,Fafadih,21.22727228828569,81.6682788427773,Overturning,Moderate,1,4,0,Intersection,Clear,Day,100,Good,2023-08-22 13:00:00,8,0,0,0,0,0,0,3
19,4,Ring Road No 1,21.27020697483498,81.65176536078928,Pedestrian,Severe,2,2,2,Highway,Rainy,Day,80,Good,2023-02-17 19:00:00,2,0,0,1,2,0,0,2
4,1,Jail Road,21.22598853526325,81.64298967960168,Pedestrian,Minor,0,3,1,Urban,Clear,Night,60,Good,2023-10-31 04:00:00,10,0,1,0,0,0,1,0
22,2,Mowa,21.27857604894196,81.64196105663069,Hit-and-run,Severe,2,1,1,Highway,Clear,Night,80,Wet,2023-05-24 22:00:00,5,0,1,0,0,1,1,2
22,5,Amanaka,21.272683376529315,81.63600312424063,Overturning,Fatal,3,1,0,Urban,Clear,Night,60,Good,2023-05-27 22:00:00,5,1,1,0,0,0,1,0
1,2,Devendra Nagar,21.24204255526696,81.62242577419475,Collision,Moderate,1,1,0,Rural,Clear,Night,100,Damaged,2023-03-08 01:00:00,3,0,1,0,0,2,1,1
12,6,Pandri,21.253383458785983,81.63113075666722,Collision,Minor,0,4,0,Intersection,Foggy,Day,40,Good,2023-02-05 12:00:00,2,1,0,0,3,0,0,3
19,3,Fafadih,21.233886049723075,81.66400026886342,Collision,Severe,2,3,0,Intersection,Clear,Day,100,Damaged,2023-06-22 19:00:00,6,0,0,1,0,2,0,3
22,5,Shankar Nagar,21.24241484903655,81.64263600932566,Overturning,Fatal,3,3,4,Intersection,Clear,Night,60,Good,2023-08-12 22:00:00,8,1,1,0,0,0,1,3
11,3,Pandri,21.24127326269947,81.62825104941847,Hit-and-run,Severe,2,4,1,Urban,Clear,Day,40,Wet,2023-03-09 11:00:00,3,0,0,0,0,1,0,0
8,5,Telibandha,21.24119170872573,81.64892881659864,Collision,Severe,2,4,2,Highway,Clear,Day,100,Wet,2023-06-17 08:00:00,6,1,0,1,0,1,0,2
20,5,Mowa,21.27750131782485,81.63917564114467,Collision,Moderate,1,2,2,Rural,Foggy,Day,40,Damaged,2023-04-15 20:00:00,4,1,0,0,3,2,0,1
0,4,Pandri,21.25441009767819,81.63124538982062,Skid,Moderate,1,3,0,Urban,Clear,Night,40,Damaged,2023-11-24 00:00:00,11,0,1,0,0,2,1,0
1,2,Amanaka,21.27247624379347,81.62982135811413,Overturning,Fatal,3,1,4,Intersection,Clear,Night,40,Good,2023-08-09 01:00:00,8,0,1,0,0,0,1,3
7,5,GE Road,21.250718649870205,81.64805966697675,Collision,Moderate,1,3,1,Intersection,Clear,Day,40,Wet,2023-12-16 07:00:00,12,1,0,1,0,1,0,3
7,2,Fafadih,21.232258284880206,81.65935191736884,Pedestrian,Moderate,1,4,2,Highway,Clear,Day,60,Damaged,2023-10-11 07:00:00,10,0,0,1,0,2,0,2
11,0,Devendra Nagar,21.24456168718466,81.62594893434813,Collision,Minor,0,3,0,Highway,Clear,Day,80,Under repair,2023-05-15 11:00:00,5,0,0,0,0,3,0,2
15,4,Fafadih,21.227361445939955,81.66653188430409,Collision,Moderate,1,3,0,Intersection,Clear,Day,80,Good,2023-06-02 15:00:00,6,0,0,0,0,0,0,3