hour,day_of_week,location,latitude,longitude,accident_type,severity,severity_encoded,vehicles_involved,casualties,road_type,weather,light_condition,speed_limit,road_condition,datetime,month,is_weekend,is_night,is_rush_hour,weather_encoded,road_cond_encoded,light_encoded,road_type_encoded
14,1,Pandri,21.25658790259813,81.62512676022916,Hit-and-run,Moderate,1,3,1,Highway,Clear,Day,40,Wet,2023-01-31 14:00:00,1,0,0,0,0,1,0,2
23,2,Mowa,21.278898563845797,81.64240243168003,Overturning,Moderate,1,4,2,Rural,Clear,Night,80,Good,2023-02-01 23:00:00,2,0,1,0,0,0,1,1
18,5,Fafadih,21.231561077268097,81.65986943520048,Pedestrian,Minor,0,4,1,Rural,Clear,Day,80,Damaged,2023-08-19 18:00:00,8,1,0,1,0,2,0,1
0,6,GE Road,21.25141674740271,81.64721351297419,Hit-and-run,Severe,2,2,3,Rural,Foggy,Night,100,Good,2023-02-12 00:00:00,2,1,1,0,3,0,1,1
17,0,Tikrapara,21.255833824508496,81.61934509582883,Pedestrian,Minor,0,2,1,Urban,Clear,Day,40,Good,2023-01-23 17:00:00,1,0,0,1,0,0,0,0
0,4,Katora Talab,21.239920099747334,81.63710871755596,Collision,Severe,2,1,1,Intersection,Rainy,Night,100,Good,2023-03-31 00:00:00,3,0,1,0,2,0,1,3
11,3,Amanaka,21.26757079359783,81.63124631625388,Hit-and-run,Severe,2,4,2,Highway,Clear,Day,100,Good,2023-08-17 11:00:00,8,0,0,0,0,0,0,2
2,5,Telibandha,21.238047436353536,81.65480337452938,Pedestrian,Fatal,3,2,0,Urban,Clear,Night,80,Wet,2023-06-24 02:00:00,6,1,1,0,0,1,1,0
5,4,Shankar Nagar,21.24543679423688,81.64421189403038,Pedestrian,Fatal,3,1,4,Highway,Cloudy,Night,80,Wet,2023-09-01 05:00:00,9,0,1,0,1,1,1,2
0,3,Jail Road,21.23246957085536,81.64136229968756,Overturning,Severe,2,1,0,Urban,Clear,Night,80,Wet,2023-11-23 00:00:00,11,0,1,0,0,1,1,0
22,0,Amanaka,21.27036182564284,81.63698692068995,Skid,Minor,0,4,1,Urban,Foggy,Night,40,Good,2023-06-05 22:00:00,6,0,1,0,3,0,1,0
22,4,Mowa,21.277261501687345,81.6380566109659,Hit-and-run,Minor,0,1,1,Intersection,Clear,Night,100,Under repair,2023-02-24 22:00:00,2,0,1,0,0,3,1,3
2,1,Fafadih,21.235268990803878,81.66491321431724,Overturning,Fatal,3,2,3,Highway,Clear,Night,40,Good,2023-03-07 02:00:00,3,0,1,0,0,0,1,2
17,5,Pandri,21.24804530418193,81.63206576444725,Skid,Moderate,1,4,2,Rural,Clear,Day,40,Good,2023-07-22 17:00:00,7,1,0,1,0,0,0,1
19,3,Tikrapara,21.26514229714017,81.61869326139474,Hit-and-run,Moderate,1,3,0,Intersection,Foggy,Day,80,Under repair,2023-06-29 19:00:00,6,0,0,1,3,3,0,3
10,3,Fafadih,21.230645993445776,81.66156905602057,Hit-and-run,Fatal,3,4,3,Urban,Clear,Day,80,Good,2023-03-30 10:00:00,3,0,0,0,0,0,0,0
1,0,Jail Road,21.2281483980954,81.63824980967013,Pedestrian,Minor,0,4,0,Highway,Clear,Night,80,Wet,2023-07-17 01:00:00,7,0,1,0,0,1,1,2
11,5,Pandri,21.25269955220181,81.6247888115749,Overturning,Fatal,3,1,2,Highway,Rainy,Day,100,Wet,2023-11-11 11:00:00,11,1,0,0,2,1,0,2
4,0,Jail Road,21.225468213232524,81.64015787264113,Overturning,Severe,2,4,1,Rural,Clear,Night,100,Good,2023-04-24 04:00:00,4,0,1,0,0,0,1,1
20,2,Shankar Nagar,21.243433074383265,81.64313066373111,Skid,Moderate,1,2,0,Rural,Cloudy,Day,40,Good,2023-07-05 20:00:00,7,0,0,0,1,0,0,1
21,1,Jail Road,21.23542567616545,81.64041354210823,Collision,Fatal,3,4,1,Highway,Cloudy,Day,80,Wet,2023-10-24 21:00:00,10,0,0,0,1,1,0,2
12,5,Ring Road No 1,21.265194516451004,81.64827340119317,Pedestrian,Severe,2,1,0,Rural,Clear,Day,40,Wet,2023-07-29 12:00:00,7,1,0,0,0,1,0,1
6,0,Tikrapara,21.262403812990552,81.61712082740468,Overturning,Moderate,1,2,1,Intersection,Clear,Day,40,Wet,2023-05-15 06:00:00,5,0,0,0,0,1,0,3
14,2,Katora Talab,21.23691426249774,81.63417345412479,Pedestrian,Fatal,3,3,3,Urban,Rainy,Day,80,Under repair,2023-09-13 14:00:00,9,0,0,0,2,3,0,0
22,5,Amanaka,21.27309892270474,81.63107007033688,Collision,Moderate,1,4,2,Rural,Clear,Night,60,Good,2023-02-18 22:00:00,2,1,1,0,0,0,1,1
15,5,Devendra Nagar,21.23875028409616,81.62275970190873,Pedestrian,Moderate,1,2,1,Urban,Clear,Day,80,Wet,2023-05-27 15:00:00,5,1,0,0,0,1,0,0
23,0,Pandri,21.25280559377072,81.63005680812742,Skid,Minor,0,1,1,Urban,Cloudy,Night,40,Wet,2023-11-06 23:00:00,11,0,1,0,1,1,1,0
16,1,Fafadih,21.236796612712244,81.66251211802253,Overturning,Moderate,1,4,0,Urban,Rainy,Day,40,Damaged,2023-05-16 16:00:00,5,0,0,0,2,2,0,0
16,3,Telibandha,21.23720845500442,81.64312373953757,Hit-and-run,Moderate,1,4,1,Intersection,Clear,Day,60,Good,2023-06-22 16:00:00,6,0,0,0,0,0,0,3
19,3,Amanaka,21.269288063297413,81.63808387700678,Skid,Severe,2,3,3,Intersection,Clear,Day,80,Wet,2023-02-23 19:00:00,2,0,0,1,0,1,0,3
12,0,Telibandha,21.237723856652,81.65018496079102,Skid,Moderate,1,1,1,Urban,Foggy,Day,40,Good,2023-06-05 12:00:00,6,0,0,0,3,0,0,0
3,4,Shankar Nagar,21.24476408076292,81.63905412287725,Pedestrian,Severe,2,3,2,Rural,Clear,Night,100,Good,2023-08-25 03:00:00,8,0,1,0,0,0,1,1
0,5,Jail Road,21.23166970768992,81.64501136537001,Overturning,Moderate,1,3,2,Rural,Rainy,Night,40,Good,2023-06-17 00:00:00,6,1,1,0,2,0,1,1
17,4,Devendra Nagar,21.24508155994432,81.62001280673451,Pedestrian,Minor,0,2,0,Urban,Clear,Day,100,Good,2023-06-09 17:00:00,6,0,0,1,0,0,0,0
7,0,Mowa,21.278700196918933,81.63562684767417,Hit-and-run,Moderate,1,2,2,Urban,Clear,Day,80,Good,2023-10-02 07:00:00,10,0,0,1,0,0,0,0
17,3,Amanaka,21.27101070979193,81.63635682313296,Pedestrian,Severe,2,3,1,Rural,Clear,Day,40,Good,2023-10-05 17:00:00,10,0,0,1,0,0,0,1
9,4,Ring Road No 1,21.268426908881537,81.6506180156223,Collision,Severe,2,1,0,Highway,Clear,Day,40,Good,2023-06-30 09:00:00,6,0,0,1,0,0,0,2
18,0,Mowa,21.28012545601444,81.63971613569285,Collision,Severe,2,2,1,Rural,Rainy,Day,80,Good,2023-04-24 18:00:00,4,0,0,1,2,0,0,1
21,3,Ring Road No 1,21.262330718638424,81.64662444369002,Collision,Moderate,1,2,1,Intersection,Clear,Day,40,Under repair,2023-01-05 21:00:00,1,0,0,0,0,3,0,3
16,1,Devendra Nagar,21.245015631136148,81.62248407253945,Hit-and-run,Minor,0,1,0,Intersection,Cloudy,Day,80,Good,2023-11-28 16:00:00,11,0,0,0,1,0,0,3
0,2,GE Road,21.252097599298267,81.647029209359,Pedestrian,Minor,0,1,0,Urban,Foggy,Night,40,Damaged,2023-05-10 00:00:00,5,0,1,0,3,2,1,0
19,6,Amanaka,21.270250036052925,81.63399985983318,Hit-and-run,Moderate,1,3,0,Urban,Rainy,Day,60,Good,2023-02-19 19:00:00,2,1,0,1,2,0,0,0
4,2,Amanaka,21.2690055018351,81.6352410869779,Hit-and-run,Severe,2,4,1,Highway,Foggy,Night,60,Good,2023-06-14 04:00:00,6,0,1,0,3,0,1,2
13,1,Devendra Nagar,21.24572156882695,81.62568352211716,Collision,Moderate,1,1,1,Highway,Clear,Day,40,Damaged,2023-06-13 13:00:00,6,0,0,0,0,2,0,2
0,1,Katora Talab,21.23633807089761,81.63345034395263,Collision,Moderate,1,3,0,Intersection,Clear,Night,60,Wet,2023-09-19 00:00:00,9,0,1,0,0,1,1,3
23,1,Devendra Nagar,21.24505757766474,81.62125600764948,Pedestrian,Minor,0,1,0,Highway,Clear,Night,100,Good,2023-09-26 23:00:00,9,0,1,0,0,0,1,2
13,3,Katora Talab,21.235620266719295,81.64059347613922,Pedestrian,Minor,0,2,1,Intersection,Rainy,Day,100,Good,2023-02-02 13:00:00,2,0,0,0,2,0,0,3
2,3,Fafadih,21.23036196371791,81.66036403099835,Collision,Fatal,3,1,3,Highway,Clear,Night,60,Good,2023-05-18 02:00:00,5,0,1,0,0,0,1,2
21,1,Telibandha,21.237737534010197,81.64935848516326,Hit-and-run,Severe,2,3,1,Intersection,Clear,Day,60,Good,2023-11-14 21:00:00,11,0,0,0,0,0,0,3
18,1,Tikrapara,21.259106282073365,81.61953772030367,Pedestrian,Severe,2,4,2,Rural,Clear,Day,80,Wet,2023-06-06 18:00:00,6,0,0,1,0,1,0,1
4,3,Pandri,21.246269474695826,81.6327115144176,Pedestrian,Severe,2,3,2,Rural,Rainy,Night,100,Damaged,2023-11-09 04:00:00,11,0,1,0,2,2,1,1
20,3,Telibandha,21.24079774839893,81.6463713852418,Pedestrian,Moderate,1,1,1,Highway,Clear,Day,40,Good,2023-09-21 20:00:00,9,0,0,0,0,0,0,2
11,3,Katora Talab,21.22989276818114,81.63156878356158,Pedestrian,Moderate,1,4,0,Rural,Clear,Day,40,Under repair,2023-09-07 11:00:00,9,0,0,0,0,3,0,1
9,3,Jail Road,21.22907200061572,81.64784087569608,Skid,Moderate,1,2,2,Highway,Clear,Day,60,Good,2023-11-09 09:00:00,11,0,0,1,0,0,0,2
21,5,Katora Talab,21.23832977089492,81.62907723105246,Skid,Minor,0,3,0,Highway,Rainy,Day,40,Good,2023-11-11 21:00:00,11,1,0,0,2,0,0,2
8,2,Telibandha,21.2368310334853,81.64994036269118,Hit-and-run,Moderate,1,4,1,Rural,Clear,Day,40,Damaged,2023-09-20 08:00:00,9,0,0,1,0,2,0,1
13,4,GE Road,21.251961050662896,81.64495575341907,Hit-and-run,Fatal,3,4,2,Highway,Clear,Day,100,Wet,2023-03-31 13:00:00,3,0,0,0,0,1,0,2
17,6,Pandri,21.25099502931607,81.62744708258717,Overturning,Minor,0,1,0,Intersection,Rainy,Day,80,Damaged,2023-01-29 17:00:00,1,1,0,1,2,2,0,3
10,3,Jail Road,21.226488724312198,81.6408787869401,Hit-and-run,Moderate,1,2,1,Rural,Clear,Day,80,Damaged,2023-12-07 10:00:00,12,0,0,0,0,2,0,1
0,3,Devendra Nagar,21.247921631520327,81.62592312383089,Overturning,Moderate,1,1,0,Highway,Rainy,Night,80,Wet,2023-09-14 00:00:00,9,0,1,0,2,1,1,2
4,6,Katora Talab,21.2384231590534,81.63300789140058,Pedestrian,Moderate,1,3,2,Urban,Rainy,Night,80,Wet,2023-02-26 04:00:00,2,1,1,0,2,1,1,0
15,5,Jail Road,21.231943649284396,81.64102716331432,Skid,Minor,0,1,0,Intersection,Rainy,Day,100,Under repair,2023-05-27 15:00:00,5,1,0,0,2,3,0,3
8,4,Amanaka,21.27040182564885,81.6331649206349,Skid,Minor,0,4,1,Urban,Rainy,Day,80,Wet,2023-12-22 08:00:00,12,0,0,1,2,1,0,0
14,6,Mowa,21.27740937161797,81.64252166080838,Collision,Fatal,3,2,2,Intersection,Clear,Day,60,Wet,2023-05-28 14:00:00,5,1,0,0,0,1,0,3
19,0,GE Road,21.25851962340096,81.64980372744027,Collision,Severe,2,1,3,Urban,Clear,Day,80,Wet,2023-01-16 19:00:00,1,0,0,1,0,1,0,0
21,5,Amanaka,21.26816643449325,81.6325028316651,Skid,Minor,0,2,0,Urban,Clear,Day,60,Good,2023-11-18 21:00:00,11,1,0,0,0,0,0,0
15,0,Fafadih,21.231624700162037,81.66773188034264,Pedestrian,Moderate,1,4,2,Urban,Foggy,Day,100,Good,2023-10-16 15:00:00,10,0,0,0,3,0,0,0
23,1,Mowa,21.27770223006216,81.64502061160384,Hit-and-run,Minor,0,4,1,Intersection,Clear,Night,80,Good,2023-07-04 23:00:00,7,0,1,0,0,0,1,3
8,6,Devendra Nagar,21.244472215263585,81.62418355362384,Hit-and-run,Moderate,1,2,2,Intersection,Cloudy,Day,80,Damaged,2023-07-16 08:00:00,7,1,0,1,1,2,0,3
3,3,Katora Talab,21.239075235822025,81.63278429145058,Pedestrian,Minor,0,3,1,Rural,Clear,Night,100,Wet,2023-08-31 03:00:00,8,0,1,0,0,1,1,1
7,0,Fafadih,21.23117666503754,81.66617660908337,Skid,Moderate,1,2,2,Rural,Clear,Day,80,Good,2023-05-08 07:00:00,5,0,0,1,0,0,0,1
3,5,Pandri,21.25435377868469,81.63197201695607,Collision,Moderate,1,3,2,Intersection,Rainy,Night,60,Damaged,2023-05-27 03:00:00,5,1,1,0,2,2,1,3
13,5,Mowa,21.28126182887937,81.64367872646494,Collision,Moderate,1,1,2,Highway,Rainy,Day,100,Wet,2023-01-21 13:00:00,1,1,0,0,2,1,0,2
20,6,Tikrapara,21.266153327439525,81.61883172490563,Hit-and-run,Severe,2,3,2,Rural,Clear,Day,60,Good,2023-10-01 20:00:00,10,1,0,0,0,0,0,1
21,2,Katora Talab,21.2384317871016,81.63014726121422,Pedestrian,Severe,2,3,0,Intersection,Clear,Day,100,Wet,2023-02-22 21:00:00,2,0,0,0,0,1,0,3
0,6,Shankar Nagar,21.24102511794023,81.6384975430005,Overturning,Severe,2,4,3,Rural,Foggy,Night,60,Good,2023-09-24 00:00:00,9,1,1,0,3,0,1,1
19,5,Amanaka,21.273822190750547,81.62734237954395,Hit-and-run,Severe,2,3,1,Intersection,Cloudy,Day,40,Under repair,2023-10-07 19:00:00,10,1,0,1,1,3,0,3
13,6,Tikrapara,21.258893069931744,81.60971888019202,Skid,Moderate,1,2,2,Rural,Rainy,Day,100,Good,2023-12-17 13:00:00,12,1,0,0,2,0,0,1
18,6,Katora Talab,21.234206136313556,81.6330271531508,Collision,Moderate,1,4,2,Highway,Clear,Day,100,Damaged,2023-10-01 18:00:00,10,1,0,1,0,2,0,2
23,2,Devendra Nagar,21.249754613281382,81.62458988381766,Hit-and-run,Severe,2,3,1,Highway,Clear,Night,100,Wet,2023-06-07 23:00:00,6,0,1,0,0,1,1,2
22,5,Telibandha,21.23640057543001,81.65329789115918,Collision,Severe,2,1,2,Urban,Clear,Night,40,Good,2023-02-04 22:00:00,2,1,1,0,0,0,1,0
11,2,Devendra Nagar,21.245653496763587,81.62351270057613,Skid,Severe,2,1,1,Rural,Clear,Day,80,Wet,2023-01-11 11:00:00,1,0,0,0,0,1,0,1
13,1,Katora Talab,21.233091985476683,81.6315299588583,Collision,Moderate,1,2,1,Highway,Rainy,Day,60,Good,2023-08-15 13:00:00,8,0,0,0,2,0,0,2
14,3,Katora Talab,21.23422470810016,81.63463938381946,Hit-and-run,Minor,0,2,1,Rural,Foggy,Day,40,Good,2023-05-04 14:00:00,5,0,0,0,3,0,0,1
10,6,Tikrapara,21.260333657180944,81.62333227799057,Pedestrian,Minor,0,3,0,Urban,Rainy,Day,80,Good,2023-05-14 10:00:00,5,1,0,0,2,0,0,0
3,3,Mowa,21.28005516550381,81.63417730291899,Overturning,Fatal,3,3,1,Rural,Rainy,Night,40,Under repair,2023-02-09 03:00:00,2,0,1,0,2,3,1,1
4,3,Amanaka,21.270787925963614,81.6306499509315,Pedestrian,Moderate,1,4,2,Highway,Clear,Night,60,Good,2023-11-02 04:00:00,11,0,1,0,0,0,1,2
20,4,Mowa,21.276002087226164,81.63986349158483,Hit-and-run,Minor,0,1,0,Intersection,Foggy,Day,40,Damaged,2023-05-12 20:00:00,5,0,0,0,3,2,0,3
7,1,Mowa,21.276909985029462,81.63817455182388,Pedestrian,Minor,0,3,1,Highway,Foggy,Day,60,Wet,2023-07-18 07:00:00,7,0,0,1,3,1,0,2
6,2,Ring Road No 1,21.26401044601036,81.64696759314474,Skid,Minor,0,1,1,Urban,Clear,Day,100,Good,2023-07-12 06:00:00,7,0,0,0,0,0,0,0
4,0,Telibandha,21.23997000282175,81.65681091323118,Collision,Severe,2,3,1,Rural,Clear,Night,40,Good,2023-06-19 04:00:00,6,0,1,0,0,0,1,1
21,2,Jail Road,21.2258119228232,81.63924646908698,Collision,Moderate,1,3,2,Rural,Clear,Day,80,Good,2023-04-12 21:00:00,4,0,0,0,0,0,0,1
4,1,Pandri,21.24382962791246,81.62869719412109,Skid,Fatal,3,3,3,Urban,Foggy,Night,60,Good,2023-11-21 04:00:00,11,0,1,0,3,0,1,0
7,1,Fafadih,21.235028151457893,81.66336191769406,Collision,Moderate,1,1,0,Highway,Clear,Day,40,Good,2023-07-04 07:00:00,7,0,0,1,0,0,0,2
19,4,Jail Road,21.230032091190854,81.64276779027428,Pedestrian,Minor,0,2,1,Highway,Clear,Day,100,Good,2023-09-29 19:00:00,9,0,0,1,0,0,0,2
17,3,Fafadih,21.24073816360783,81.66633691406231,Pedestrian,Fatal,3,2,2,Rural,Rainy,Day,80,Good,2023-08-03 17:00:00,8,0,0,1,2,0,0,1
18,6,Katora Talab,21.23513243721177,81.6301466880406,Pedestrian,Moderate,1,3,0,Intersection,Rainy,Day,80,Wet,2023-07-09 18:00:00,7,1,0,1,2,1,0,3
17,1,Devendra Nagar,21.24438154575028,81.62055905170315,Skid,Severe,2,4,1,Urban,Clear,Day,40,Good,2023-10-24 17:00:00,10,0,0,1,0,0,0,0
12,0,Ring Road No 1,21.264754042643595,81.64765641938172,Skid,Minor,0,1,1,Rural,Rainy,Day,100,Damaged,2023-03-06 12:00:00,3,0,0,0,2,2,0,1
3,5,Fafadih,21.23288153270223,81.6637140421636,Skid,Moderate,1,4,2,Intersection,Clear,Night,80,Damaged,2023-01-14 03:00:00,1,1,1,0,0,2,1,3
19,2,Katora Talab,21.23639791238155,81.63166105853176,Overturning,Severe,2,3,3,Intersection,Rainy,Day,60,Good,2023-11-01 19:00:00,11,0,0,1,2,0,0,3
5,0,Telibandha,21.24242444217276,81.64446305716574,Collision,Moderate,1,4,0,Highway,Clear,Night,40,Damaged,2023-05-29 05:00:00,5,0,1,0,0,2,1,2
15,0,Devendra Nagar,21.244616614832367,81.62327501992986,Pedestrian,Minor,0,4,0,Rural,Foggy,Day,40,Damaged,2023-10-16 15:00:00,10,0,0,0,3,2,0,1
22,6,Shankar Nagar,21.2435477259752,81.64264148816824,Pedestrian,Minor,0,4,0,Urban,Clear,Night,60,Good,2023-06-04 22:00:00,6,1,1,0,0,0,1,0
21,6,Katora Talab,21.238531319459423,81.63439377768286,Collision,Fatal,3,3,0,Urban,Foggy,Day,80,Under repair,2023-07-30 21:00:00,7,1,0,0,3,3,0,0
4,5,Amanaka,21.268895825153567,81.63377723196602,Pedestrian,Severe,2,3,1,Highway,Clear,Night,60,Good,2023-03-11 04:00:00,3,1,1,0,0,0,1,2
1,1,Telibandha,21.237065452593885,81.65246262997297,Pedestrian,Minor,0,4,0,Urban,Clear,Night,80,Wet,2023-12-26 01:00:00,12,0,1,0,0,1,1,0
20,2,Fafadih,21.23116041456157,81.66374031332703,Collision,Moderate,1,2,1,Urban,Rainy,Day,60,Wet,2023-02-01 20:00:00,2,0,0,0,2,1,0,0
20,2,Devendra Nagar,21.24565699724678,81.62183623557944,Pedestrian,Fatal,3,3,4,Rural,Cloudy,Day,100,Wet,2023-03-01 20:00:00,3,0,0,0,1,1,0,1
1,5,Devendra Nagar,21.247455221647236,81.62121763822583,Hit-and-run,Severe,2,4,3,Rural,Foggy,Night,60,Good,2023-05-27 01:00:00,5,1,1,0,3,0,1,1
17,0,Amanaka,21.271914552122183,81.63563817836358,Collision,Moderate,1,1,1,Urban,Clear,Day,60,Good,2023-01-02 17:00:00,1,0,0,1,0,0,0,0
6,2,Telibandha,21.237111025932727,81.651685904446,Skid,Severe,2,4,3,Urban,Foggy,Day,100,Good,2023-09-06 06:00:00,9,0,0,0,3,0,0,0
13,2,Ring Road No 1,21.265039769177065,81.65467255881744,Skid,Minor,0,4,1,Intersection,Clear,Day,60,Wet,2023-04-12 13:00:00,4,0,0,0,0,1,0,3
22,1,Ring Road No 1,21.26629844103723,81.65267382206218,Pedestrian,Fatal,3,1,2,Intersection,Clear,Night,60,Wet,2023-04-04 22:00:00,4,0,1,0,0,1,1,3
5,3,Telibandha,21.23551722714637,81.65744576096452,Pedestrian,Fatal,3,1,1,Rural,Cloudy,Night,60,Wet,2023-04-06 05:00:00,4,0,1,0,1,1,1,1
19,3,Tikrapara,21.255889151366787,81.62154778952285,Overturning,Minor,0,1,1,Highway,Cloudy,Day,40,Under repair,2023-06-22 19:00:00,6,0,0,1,1,3,0,2
5,2,Amanaka,21.271293851450658,81.63147757288256,Pedestrian,Fatal,3,2,2,Rural,Clear,Night,100,Good,2023-02-08 05:00:00,2,0,1,0,0,0,1,1
21,0,Pandri,21.251027097183364,81.62936374134127,Hit-and-run,Moderate,1,2,2,Rural,Foggy,Day,40,Good,2023-09-25 21:00:00,9,0,0,0,3,0,0,1
19,4,Telibandha,21.242816748147437,81.64796006729915,Overturning,Minor,0,3,0,Rural,Rainy,Day,60,Damaged,2023-12-22 19:00:00,12,0,0,1,2,2,0,1
6,6,Katora Talab,21.235914164980727,81.62749179118494,Hit-and-run,Moderate,1,3,2,Highway,Rainy,Day,40,Good,2023-04-30 06:00:00,4,1,0,0,2,0,0,2
20,1,Pandri,21.25660428837937,81.62638859527094,Overturning,Moderate,1,3,2,Rural,Rainy,Day,40,Wet,2023-10-24 20:00:00,10,0,0,0,2,1,0,1
15,0,Telibandha,21.23988073259272,81.64979577651083,Pedestrian,Minor,0,1,0,Intersection,Clear,Day,40,Wet,2023-06-26 15:00:00,6,0,0,0,0,1,0,3
13,4,Shankar Nagar,21.24320599709965,81.64452958595461,Skid,Moderate,1,4,2,Intersection,Rainy,Day,80,Good,2023-10-13 13:00:00,10,0,0,0,2,0,0,3
5,3,Jail Road,21.23481378738091,81.64085448100982,Hit-and-run,Minor,0,2,1,Intersection,Rainy,Night,80,Good,2023-06-29 05:00:00,6,0,1,0,2,0,1,3
18,5,Jail Road,21.231765234052894,81.64108667461018,Overturning,Severe,2,1,1,Rural,Clear,Day,60,Wet,2023-07-15 18:00:00,7,1,0,1,0,1,0,1
21,2,Fafadih,21.236152594271797,81.65981125086154,Collision,Fatal,3,1,0,Rural,Rainy,Day,80,Wet,2023-11-22 21:00:00,11,0,0,0,2,1,0,1
9,4,Telibandha,21.24212617166325,81.65343149959693,Overturning,Minor,0,4,1,Highway,Cloudy,Day,80,Under repair,2023-12-01 09:00:00,12,0,0,1,1,3,0,2
18,5,Ring Road No 1,21.26664761102605,81.649219556398,Pedestrian,Moderate,1,2,1,Rural,Clear,Day,60,Damaged,2023-06-10 18:00:00,6,1,0,1,0,2,0,1
22,2,Fafadih,21.23259498709729,81.66191840096633,Skid,Moderate,1,2,0,Intersection,Clear,Night,40,Good,2023-04-12 22:00:00,4,0,1,0,0,0,1,3
1,4,Tikrapara,21.255987473865517,81.62348476062427,Pedestrian,Fatal,3,4,0,Rural,Rainy,Night,60,Damaged,2023-06-02 01:00:00,6,0,1,0,2,2,1,1
6,2,Ring Road No 1,21.263363170399494,81.65205178366281,Collision,Minor,0,3,1,Urban,Rainy,Day,40,Wet,2023-05-17 06:00:00,5,0,0,0,2,1,0,0
7,3,Ring Road No 1,21.26166898668082,81.6472193673219,Pedestrian,Fatal,3,2,2,Urban,Rainy,Day,100,Good,2023-07-06 07:00:00,7,0,0,1,2,0,0,0
14,3,Mowa,21.27708791034357,81.64295761256291,Overturning,Minor,0,4,1,Rural,Clear,Day,60,Wet,2023-05-25 14:00:00,5,0,0,0,0,1,0,1
1,6,Jail Road,21.23182028643826,81.6405853746218,Collision,Severe,2,4,0,Highway,Clear,Night,40,Wet,2023-04-30 01:00:00,4,1,1,0,0,1,1,2
9,5,Shankar Nagar,21.24454017204873,81.64108892087596,Hit-and-run,Fatal,3,1,2,Intersection,Cloudy,Day,80,Under repair,2023-03-11 09:00:00,3,1,0,1,1,3,0,3
23,0,Shankar Nagar,21.244988745698738,81.64654849859916,Hit-and-run,Moderate,1,1,0,Rural,Clear,Night,80,Wet,2023-02-27 23:00:00,2,0,1,0,0,1,1,1
23,6,Pandri,21.25351436832732,81.63202862566476,Pedestrian,Minor,0,1,1,Urban,Clear,Night,40,Good,2023-12-03 23:00:00,12,1,1,0,0,0,1,0
0,0,GE Road,21.25208204919792,81.6443905347912,Collision,Moderate,1,3,0,Urban,Rainy,Night,40,Good,2023-04-17 00:00:00,4,0,1,0,2,0,1,0
8,6,Pandri,21.24826600040811,81.630964627402,Collision,Minor,0,3,1,Highway,Rainy,Day,60,Good,2023-12-10 08:00:00,12,1,0,1,2,0,0,2
16,0,Ring Road No 1,21.26336718284412,81.65251952865943,Overturning,Minor,0,4,0,Intersection,Clear,Day,100,Under repair,2023-09-25 16:00:00,9,0,0,0,0,3,0,3
3,1,Fafadih,21.23812927025353,81.66337810799769,Pedestrian,Moderate,1,3,0,Rural,Clear,Night,100,Good,2023-11-28 03:00:00,11,0,1,0,0,0,1,1
8,4,Fafadih,21.236876658617227,81.6614840441684,Overturning,Fatal,3,1,1,Highway,Rainy,Day,80,Damaged,2023-03-03 08:00:00,3,0,0,1,2,2,0,2
3,1,Katora Talab,21.234278352967547,81.63432640152236,Collision,Moderate,1,1,2,Intersection,Clear,Night,60,Damaged,2023-07-18 03:00:00,7,0,1,0,0,2,1,3
8,6,Mowa,21.276485744558844,81.64697488487032,Pedestrian,Minor,0,3,0,Highway,Clear,Day,100,Good,2023-02-19 08:00:00,2,1,0,1,0,0,0,2
0,4,Devendra Nagar,21.247971173229605,81.6249615374899,Overturning,Fatal,3,2,2,Rural,Rainy,Night,60,Good,2023-06-16 00:00:00,6,0,1,0,2,0,1,1
15,3,Ring Road No 1,21.267107829606687,81.64513983075643,Pedestrian,Severe,2,2,0,Intersection,Clear,Day,60,Good,2023-01-19 15:00:00,1,0,0,0,0,0,0,3
20,5,Pandri,21.253164413854027,81.62566806264708,Pedestrian,Minor,0,3,0,Intersection,Cloudy,Day,40,Wet,2023-10-07 20:00:00,10,1,0,0,1,1,0,3
18,1,Devendra Nagar,21.2455782329046,81.6224648772226,Pedestrian,Severe,2,2,3,Highway,Clear,Day,40,Wet,2023-12-12 18:00:00,12,0,0,1,0,1,0,2
19,5,GE Road,21.253185209836293,81.64958456186687,Hit-and-run,Severe,2,1,2,Highway,Rainy,Day,40,Damaged,2023-12-02 19:00:00,12,1,0,1,2,2,0,2
16,5,GE Road,21.255235351520835,81.6470943085172,Hit-and-run,Severe,2,4,0,Urban,Clear,Day,60,Wet,2023-12-16 16:00:00,12,1,0,0,0,1,0,0
23,1,Mowa,21.2810273431689,81.6427866696507,Skid,Severe,2,2,2,Rural,Clear,Night,60,Good,2023-06-06 23:00:00,6,0,1,0,0,0,1,1