hour,day_of_week,location,latitude,longitude,accident_type,severity,severity_encoded,vehicles_involved,casualties,road_type,weather,light_condition,speed_limit,road_condition,datetime,month,is_weekend,is_night,is_rush_hour,weather_encoded,road_cond_encoded,light_encoded,road_type_encoded
4,0,Fafadih,21.228194129189784,81.65844415062442,Pedestrian,Moderate,1,4,0,Intersection,Clear,Night,100,Damaged,2023-01-23 04:00:00,1,0,1,0,0,2,1,3
2,6,Amanaka,21.269550365899438,81.63833687734969,Collision,Minor,0,2,0,Intersection,Foggy,Night,60,Damaged,2023-10-08 02:00:00,10,1,1,0,3,2,1,3
23,1,Tikrapara,21.261491169172672,81.61519749752836,Hit-and-run,Moderate,1,2,2,Intersection,Clear,Night,100,Good,2023-01-10 23:00:00,1,0,1,0,0,0,1,3
15,4,Shankar Nagar,21.24307905131586,81.64815341934637,Pedestrian,Moderate,1,3,0,Urban,Clear,Day,80,Good,2023-01-06 15:00:00,1,0,0,0,0,0,0,0
6,6,Ring Road No 1,21.263733670004523,81.65021802327479,Skid,Minor,0,4,0,Highway,Rainy,Day,60,Wet,2023-04-23 06:00:00,4,1,0,0,2,1,0,2
2,0,Devendra Nagar,21.24707521892227,81.62569017923875,Pedestrian,Moderate,1,1,0,Intersection,Foggy,Night,60,Wet,2023-07-17 02:00:00,7,0,1,0,3,1,1,3
21,2,Fafadih,21.23173149495756,81.66270772432311,Overturning,Moderate,1,1,2,Intersection,Clear,Day,100,Damaged,2023-03-01 21:00:00,3,0,0,0,0,2,0,3
17,2,Shankar Nagar,21.24251333150999,81.64425798280548,Hit-and-run,Moderate,1,1,2,Urban,Clear,Day,100,Good,2023-01-11 17:00:00,1,0,0,1,0,0,0,0
13,4,Mowa,21.279409079473915,81.64374590348116,Pedestrian,Moderate,1,2,0,Rural,Clear,Day,40,Good,2023-04-21 13:00:00,4,0,0,0,0,0,0,1
20,3,Ring Road No 1,21.261122449361498,81.64873614084779,Skid,Moderate,1,3,0,Highway,Cloudy,Day,40,Good,2023-07-27 20:00:00,7,0,0,0,1,0,0,2
19,3,Pandri,21.25423649191398,81.62936181085584,Overturning,Minor,0,2,1,Highway,Clear,Day,40,Good,2023-12-14 19:00:00,12,0,0,1,0,0,0,2
9,2,Fafadih,21.233955104226297,81.66028081371873,Hit-and-run,Minor,0,3,0,Urban,Clear,Day,80,Good,2023-08-09 09:00:00,8,0,0,1,0,0,0,0
1,3,Shankar Nagar,21.24619618032204,81.64027657005991,Hit-and-run,Severe,2,1,3,Intersection,Clear,Night,40,Wet,2023-07-20 01:00:00,7,0,1,0,0,1,1,3
3,5,Jail Road,21.2293931962803,81.64245797843812,Hit-and-run,Fatal,3,2,3,Intersection,Rainy,Night,80,Wet,2023-09-16 03:00:00,9,1,1,0,2,1,1,3
2,4,Tikrapara,21.26361890309749,81.61712872212692,Collision,Moderate,1,1,1,Intersection,Clear,Night,100,Good,2023-03-10 02:00:00,3,0,1,0,0,0,1,3
21,3,Pandri,21.25727905194587,81.63053972508108,Overturning,Moderate,1,3,2,Urban,Rainy,Day,40,Good,2023-12-21 21:00:00,12,0,0,0,2,0,0,0
20,5,Mowa,21.275771215214576,81.64340715614577,Pedestrian,Severe,2,3,0,Urban,Cloudy,Day,100,Good,2023-07-01 20:00:00,7,1,0,0,1,0,0,0
1,3,Tikrapara,21.25895100235655,81.62000220546156,Hit-and-run,Moderate,1,4,1,Rural,Clear,Night,100,Good,2023-10-26 01:00:00,10,0,1,0,0,0,1,1
10,5,Fafadih,21.23297143125702,81.66142282107056,Pedestrian,Severe,2,3,3,Rural,Cloudy,Day,60,Wet,2023-04-15 10:00:00,4,1,0,0,1,1,0,1
0,1,Telibandha,21.23616521987024,81.65307018369215,Overturning,Minor,0,1,0,Urban,Clear,Night,100,Wet,2023-09-12 00:00:00,9,0,1,0,0,1,1,0
0,2,Pandri,21.247931617898548,81.62627370531378,Collision,Minor,0,2,0,Rural,Clear,Night,40,Damaged,2023-03-01 00:00:00,3,0,1,0,0,2,1,1
19,3,Devendra Nagar,21.24670208104744,81.62820853274154,Overturning,Minor,0,3,1,Rural,Rainy,Day,40,Damaged,2023-01-05 19:00:00,1,0,0,1,2,2,0,1
18,0,Devendra Nagar,21.244542220708805,81.62550291696812,Skid,Severe,2,3,2,Highway,Clear,Day,80,Good,2023-02-13 18:00:00,2,0,0,1,0,0,0,2
23,6,GE Road,21.254420020530592,81.65134405331187,Overturning,Fatal,3,1,3,Urban,Rainy,Night,60,Wet,2023-05-28 23:00:00,5,1,1,0,2,1,1,0
14,2,Mowa,21.27796637513248,81.63902685984843,Skid,Minor,0,3,0,Urban,Clear,Day,100,Good,2023-12-20 14:00:00,12,0,0,0,0,0,0,0
20,0,Telibandha,21.232277357302987,81.6493114785016,Skid,Severe,2,3,1,Highway,Clear,Day,80,Good,2023-09-25 20:00:00,9,0,0,0,0,0,0,2
8,1,Katora Talab,21.240234262105684,81.63112750204571,Pedestrian,Moderate,1,2,2,Intersection,Foggy,Day,80,Good,2023-07-25 08:00:00,7,0,0,1,3,0,0,3
17,3,GE Road,21.25330062954256,81.64604954240984,Skid,Minor,0,4,1,Highway,Clear,Day,80,Good,2023-02-02 17:00:00,2,0,0,1,0,0,0,2
21,1,Tikrapara,21.26041821772916,81.62082337484247,Pedestrian,Moderate,1,4,2,Highway,Rainy,Day,40,Wet,2023-04-25 21:00:00,4,0,0,0,2,1,0,2
7,4,Mowa,21.276921513689484,81.6428114540421,Skid,Moderate,1,4,1,Urban,Rainy,Day,40,Wet,2023-06-23 07:00:00,6,0,0,1,2,1,0,0
8,4,Tikrapara,21.258854725989824,81.62081544597682,Collision,Moderate,1,2,1,Urban,Clear,Day,100,Wet,2023-12-01 08:00:00,12,0,0,1,0,1,0,0
6,2,Fafadih,21.23380595150545,81.66136952302328,Collision,Severe,2,3,0,Urban,Clear,Day,40,Damaged,2023-03-22 06:00:00,3,0,0,0,0,2,0,0
12,5,Devendra Nagar,21.250275049880425,81.62538691842711,Hit-and-run,Severe,2,4,0,Highway,Rainy,Day,40,Good,2023-09-09 12:00:00,9,1,0,0,2,0,0,2
16,0,Devendra Nagar,21.24352894440162,81.62314240829761,Pedestrian,Moderate,1,3,0,Rural,Foggy,Day,100,Good,2023-06-12 16:00:00,6,0,0,0,3,0,0,1
6,0,Telibandha,21.23867230364476,81.65034095871788,Collision,Moderate,1,3,2,Rural,Rainy,Day,80,Good,2023-10-23 06:00:00,10,0,0,0,2,0,0,1
17,6,Tikrapara,21.267673527829825,81.61981255567814,Pedestrian,Moderate,1,3,1,Intersection,Clear,Day,40,Wet,2023-10-22 17:00:00,10,1,0,1,0,1,0,3
19,2,Amanaka,21.26389229228969,81.63337160308485,Pedestrian,Fatal,3,4,2,Urban,Clear,Day,60,Wet,2023-05-31 19:00:00,5,0,0,1,0,1,0,0
2,1,Ring Road No 1,21.257602883737512,81.65021060522886,Collision,Fatal,3,4,0,Intersection,Clear,Night,40,Wet,2023-04-25 02:00:00,4,0,1,0,0,1,1,3
16,3,Amanaka,21.26403806931082,81.6323852285868,Collision,Moderate,1,1,1,Highway,Rainy,Day,60,Under repair,2023-12-28 16:00:00,12,0,0,0,2,3,0,2
10,0,Tikrapara,21.2555378354111,81.61985248053391,Pedestrian,Moderate,1,3,1,Rural,Clear,Day,40,Wet,2023-05-22 10:00:00,5,0,0,0,0,1,0,1
17,1,Tikrapara,21.260101618087887,81.6196088869225,Overturning,Minor,0,3,0,Rural,Clear,Day,40,Good,2023-09-12 17:00:00,9,0,0,1,0,0,0,1
16,0,Amanaka,21.26968634583429,81.63081710674939,Pedestrian,Minor,0,3,0,Highway,Foggy,Day,100,Wet,2023-04-24 16:00:00,4,0,0,0,3,1,0,2
10,3,Mowa,21.280440564107764,81.64806667368082,Skid,Minor,0,2,1,Intersection,Clear,Day,100,Wet,2023-08-17 10:00:00,8,0,0,0,0,1,0,3
12,6,Jail Road,21.23102763773582,81.63882222620205,Overturning,Minor,0,1,1,Urban,Foggy,Day,80,Good,2023-04-23 12:00:00,4,1,0,0,3,0,0,0
2,6,Shankar Nagar,21.239215798471683,81.63937579908772,Pedestrian,Severe,2,3,3,Intersection,Foggy,Night,40,Wet,2023-07-02 02:00:00,7,1,1,0,3,1,1,3
5,2,Katora Talab,21.23805911896972,81.6377193540804,Pedestrian,Moderate,1,4,1,Rural,Cloudy,Night,40,Good,2023-12-20 05:00:00,12,0,1,0,1,0,1,1
14,5,Telibandha,21.23968259852417,81.65249966186911,Overturning,Severe,2,2,0,Intersection,Rainy,Day,40,Good,2023-12-23 14:00:00,12,1,0,0,2,0,0,3
2,0,Devendra Nagar,21.247723034732083,81.62491960317416,Collision,Moderate,1,4,1,Highway,Clear,Night,40,Good,2023-01-16 02:00:00,1,0,1,0,0,0,1,2
4,6,Ring Road No 1,21.261424579214214,81.65172177053593,Pedestrian,Severe,2,3,3,Urban,Clear,Night,100,Wet,2023-10-29 04:00:00,10,1,1,0,0,1,1,0
15,4,Jail Road,21.227254866588357,81.64015228685888,Skid,Minor,0,1,0,Urban,Clear,Day,80,Under repair,2023-10-13 15:00:00,10,0,0,0,0,3,0,0
9,5,Mowa,21.2798925905932,81.64733635142217,Overturning,Severe,2,3,0,Urban,Clear,Day,60,Good,2023-03-04 09:00:00,3,1,0,1,0,0,0,0
13,0,Fafadih,21.229170804076897,81.66264452289296,Pedestrian,Minor,0,4,1,Rural,Cloudy,Day,100,Good,2023-11-27 13:00:00,11,0,0,0,1,0,0,1
10,1,Fafadih,21.237543709774872,81.6634765432975,Pedestrian,Moderate,1,3,2,Urban,Rainy,Day,100,Good,2023-05-09 10:00:00,5,0,0,0,2,0,0,0
7,6,Fafadih,21.235598836328474,81.6629630847056,Pedestrian,Minor,0,2,0,Rural,Clear,Day,100,Good,2023-06-18 07:00:00,6,1,0,1,0,0,0,1
15,6,Amanaka,21.273895003469327,81.63173756549567,Pedestrian,Minor,0,1,0,Intersection,Foggy,Day,100,Damaged,2023-05-14 15:00:00,5,1,0,0,3,2,0,3
14,6,GE Road,21.24704222000209,81.6488809975786,Hit-and-run,Severe,2,3,1,Intersection,Clear,Day,40,Damaged,2023-03-26 14:00:00,3,1,0,0,0,2,0,3
16,2,Fafadih,21.226616513689287,81.66489193741253,Skid,Moderate,1,2,0,Urban,Clear,Day,100,Damaged,2023-12-20 16:00:00,12,0,0,0,0,2,0,0
10,0,Tikrapara,21.263762145586487,81.61739994833475,Pedestrian,Severe,2,3,0,Urban,Clear,Day,80,Damaged,2023-10-09 10:00:00,10,0,0,0,0,2,0,0
9,2,Katora Talab,21.235587688210018,81.63428295757456,Overturning,Moderate,1,1,2,Intersection,Rainy,Day,100,Good,2023-01-04 09:00:00,1,0,0,1,2,0,0,3
5,6,Amanaka,21.27015606195132,81.6353815217576,Overturning,Moderate,1,1,0,Rural,Clear,Night,100,Wet,2023-12-03 05:00:00,12,1,1,0,0,1,1,1
17,6,Tikrapara,21.26177469632064,81.61818212094097,Collision,Severe,2,4,1,Highway,Clear,Day,100,Good,2023-09-03 17:00:00,9,1,0,1,0,0,0,2
7,0,Mowa,21.281729579910436,81.64363784333138,Pedestrian,Severe,2,1,2,Highway,Rainy,Day,60,Under repair,2023-02-13 07:00:00,2,0,0,1,2,3,0,2
3,2,GE Road,21.24937910966238,81.65290533800341,Collision,Moderate,1,4,0,Rural,Clear,Night,100,Wet,2023-12-20 03:00:00,12,0,1,0,0,1,1,1
23,0,Katora Talab,21.23262522904163,81.63422350256754,Overturning,Severe,2,4,1,Highway,Rainy,Night,60,Good,2023-09-25 23:00:00,9,0,1,0,2,0,1,2
20,3,Mowa,21.281800752203228,81.64013078068527,Overturning,Minor,0,4,1,Intersection,Rainy,Day,40,Under repair,2023-10-19 20:00:00,10,0,0,0,2,3,0,3
12,2,Mowa,21.2798286669403,81.643930018791,Skid,Minor,0,3,1,Urban,Foggy,Day,80,Good,2023-02-22 12:00:00,2,0,0,0,3,0,0,0
5,3,Fafadih,21.230518428396056,81.66098256684121,Pedestrian,Moderate,1,1,0,Urban,Clear,Night,80,Damaged,2023-12-21 05:00:00,12,0,1,0,0,2,1,0
7,1,Tikrapara,21.259630488509373,81.61704478644451,Skid,Minor,0,4,0,Highway,Clear,Day,80,Damaged,2023-08-15 07:00:00,8,0,0,1,0,2,0,2
5,3,Katora Talab,21.24360502455615,81.63221068093966,Hit-and-run,Severe,2,3,0,Intersection,Cloudy,Night,40,Damaged,2023-04-06 05:00:00,4,0,1,0,1,2,1,3
0,5,Pandri,21.254414790882205,81.62842159694935,Overturning,Moderate,1,2,0,Urban,Clear,Night,40,Damaged,2023-08-19 00:00:00,8,1,1,0,0,2,1,0
10,4,Devendra Nagar,21.242340091433345,81.62370844272947,Overturning,Minor,0,3,0,Rural,Clear,Day,80,Under repair,2023-06-02 10:00:00,6,0,0,0,0,3,0,1
7,1,Tikrapara,21.262047280153165,81.6214615287252,Pedestrian,Fatal,3,1,0,Highway,Clear,Day,60,Good,2023-07-04 07:00:00,7,0,0,1,0,0,0,2
12,6,Amanaka,21.274686795331966,81.64383573886981,Hit-and-run,Severe,2,1,2,Rural,Clear,Day,100,Good,2023-12-24 12:00:00,12,1,0,0,0,0,0,1
22,5,Tikrapara,21.260851542611267,81.61671072347853,Overturning,Minor,0,2,1,Urban,Foggy,Night,60,Good,2023-02-18 22:00:00,2,1,1,0,3,0,1,0
10,4,Amanaka,21.271358622980383,81.63420136114878,Pedestrian,Minor,0,4,1,Urban,Clear,Day,100,Wet,2023-04-21 10:00:00,4,0,0,0,0,1,0,0
20,3,Tikrapara,21.26287789838956,81.61480850711091,Skid,Minor,0,3,0,Highway,Foggy,Day,100,Under repair,2023-08-03 20:00:00,8,0,0,0,3,3,0,2
13,3,Tikrapara,21.267205003627204,81.62126814428433,Hit-and-run,Severe,2,2,0,Intersection,Foggy,Day,40,Good,2023-03-09 13:00:00,3,0,0,0,3,0,0,3
4,2,GE Road,21.24614798794661,81.64677291329305,Collision,Fatal,3,1,4,Urban,Rainy,Night,80,Good,2023-05-31 04:00:00,5,0,1,0,2,0,1,0
20,5,Tikrapara,21.262548243132343,81.62222903216852,Overturning,Moderate,1,2,0,Urban,Clear,Day,100,Good,2023-11-25 20:00:00,11,1,0,0,0,0,0,0
4,5,Shankar Nagar,21.239683287118304,81.6442390775513,Pedestrian,Moderate,1,2,2,Highway,Cloudy,Night,40,Good,2023-02-18 04:00:00,2,1,1,0,1,0,1,2
21,4,Pandri,21.245557980382014,81.62933199240358,Skid,Moderate,1,4,1,Highway,Cloudy,Day,100,Wet,2023-12-08 21:00:00,12,0,0,0,1,1,0,2
12,5,Pandri,21.254736140526308,81.62794545280968,Collision,Fatal,3,3,0,Highway,Clear,Day,80,Wet,2023-11-18 12:00:00,11,1,0,0,0,1,0,2
13,4,Ring Road No 1,21.258879233102583,81.65163864438914,Pedestrian,Minor,0,1,1,Urban,Clear,Day,60,Good,2023-05-19 13:00:00,5,0,0,0,0,0,0,0
8,6,Fafadih,21.23128584340009,81.6630886750982,Collision,Minor,0,1,1,Rural,Clear,Day,80,Wet,2023-09-10 08:00:00,9,1,0,1,0,1,0,1
20,5,Ring Road No 1,21.260744020703346,81.64888208933104,Overturning,Severe,2,1,3,Highway,Rainy,Day,40,Good,2023-12-02 20:00:00,12,1,0,0,2,0,0,2
15,4,Amanaka,21.263936993037373,81.63550983413316,Hit-and-run,Moderate,1,2,0,Rural,Rainy,Day,80,Wet,2023-02-03 15:00:00,2,0,0,0,2,1,0,1
0,6,Tikrapara,21.25961728518517,81.61513484598778,Collision,Fatal,3,4,4,Highway,Foggy,Night,40,Damaged,2023-07-23 00:00:00,7,1,1,0,3,2,1,2
6,1,Fafadih,21.2336813961413,81.66428121090193,Hit-and-run,Moderate,1,4,1,Urban,Cloudy,Day,80,Good,2023-12-05 06:00:00,12,0,0,0,1,0,0,0
8,5,Tikrapara,21.259453296169745,81.61950450084947,Pedestrian,Moderate,1,1,0,Intersection,Foggy,Day,40,Under repair,2023-12-02 08:00:00,12,1,0,1,3,3,0,3
10,1,Fafadih,21.233919933748755,81.65758701051845,Collision,Moderate,1,3,0,Urban,Clear,Day,80,Under repair,2023-04-11 10:00:00,4,0,0,0,0,3,0,0
9,3,Ring Road No 1,21.26956975746212,81.64978745050963,Hit-and-run,Fatal,3,1,2,Intersection,Rainy,Day,40,Good,2023-03-30 09:00:00,3,0,0,1,2,0,0,3
22,1,Amanaka,21.27196834860558,81.6373076458317,Collision,Moderate,1,4,2,Urban,Clear,Night,60,Wet,2023-10-10 22:00:00,10,0,1,0,0,1,1,0
20,1,Pandri,21.25098121461865,81.63142038507517,Skid,Severe,2,1,0,Urban,Foggy,Day,80,Good,2023-06-20 20:00:00,6,0,0,0,3,0,0,0
0,4,Shankar Nagar,21.24423745766545,81.63784708072832,Hit-and-run,Severe,2,1,3,Intersection,Clear,Night,100,Good,2023-11-17 00:00:00,11,0,1,0,0,0,1,3
21,3,Pandri,21.25040318189625,81.62776234729293,Hit-and-run,Minor,0,3,1,Highway,Cloudy,Day,80,Wet,2023-11-16 21:00:00,11,0,0,0,1,1,0,2
8,1,Tikrapara,21.258714764875965,81.6147879904665,Hit-and-run,Minor,0,2,1,Rural,Clear,Day,100,Wet,2023-11-07 08:00:00,11,0,0,1,0,1,0,1
22,2,Tikrapara,21.26347930115024,81.62350597796384,Pedestrian,Severe,2,4,0,Urban,Foggy,Night,100,Good,2023-11-08 22:00:00,11,0,1,0,3,0,1,0
1,0,Shankar Nagar,21.246434008927995,81.64591158767244,Hit-and-run,Severe,2,4,2,Rural,Clear,Night,60,Wet,2023-03-20 01:00:00,3,0,1,0,0,1,1,1
16,2,Mowa,21.27786609548897,81.64039122949505,Pedestrian,Moderate,1,3,0,Rural,Clear,Day,40,Under repair,2023-05-10 16:00:00,5,0,0,0,0,3,0,1
1,1,Pandri,21.249064238859564,81.63153219476887,Pedestrian,Severe,2,4,0,Intersection,Rainy,Night,40,Good,2023-06-13 01:00:00,6,0,1,0,2,0,1,3
11,3,Amanaka,21.270681189159436,81.63476833486521,Pedestrian,Moderate,1,2,2,Rural,Clear,Day,40,Good,2023-09-21 11:00:00,9,0,0,0,0,0,0,1
9,3,Ring Road No 1,21.267285445632588,81.65241482406145,Skid,Minor,0,2,1,Urban,Rainy,Day,80,Damaged,2023-10-26 09:00:00,10,0,0,1,2,2,0,0
8,4,Devendra Nagar,21.24308402708744,81.6213572735126,Hit-and-run,Fatal,3,4,0,Highway,Clear,Day,40,Wet,2023-02-10 08:00:00,2,0,0,1,0,1,0,2
3,2,Jail Road,21.231845979897763,81.64322519855797,Collision,Severe,2,4,3,Highway,Clear,Night,40,Good,2023-03-08 03:00:00,3,0,1,0,0,0,1,2
7,3,Amanaka,21.271655040696768,81.64069066624361,Collision,Severe,2,4,2,Urban,Clear,Day,100,Damaged,2023-09-21 07:00:00,9,0,0,1,0,2,0,0
12,6,Telibandha,21.243805021497195,81.65142310750454,Hit-and-run,Moderate,1,3,2,Highway,Foggy,Day,40,Good,2023-03-05 12:00:00,3,1,0,0,3,0,0,2
22,6,Shankar Nagar,21.240984258021555,81.6381700374648,Collision,Fatal,3,1,3,Intersection,Clear,Night,100,Good,2023-03-26 22:00:00,3,1,1,0,0,0,1,3
12,4,Fafadih,21.23193785476496,81.66345964033924,Pedestrian,Fatal,3,2,4,Urban,Rainy,Day,100,Wet,2023-11-17 12:00:00,11,0,0,0,2,1,0,0
7,2,Shankar Nagar,21.248979941237938,81.64335234110324,Pedestrian,Minor,0,2,0,Intersection,Clear,Day,80,Wet,2023-05-31 07:00:00,5,0,0,1,0,1,0,3
10,6,Jail Road,21.233306168382693,81.63936407754144,Hit-and-run,Moderate,1,1,1,Rural,Cloudy,Day,40,Wet,2023-01-29 10:00:00,1,1,0,0,1,1,0,1
5,4,Ring Road No 1,21.265268307375685,81.65367007048843,Hit-and-run,Minor,0,2,1,Urban,Clear,Night,80,Under repair,2023-05-19 05:00:00,5,0,1,0,0,3,1,0
2,6,Mowa,21.272961217172444,81.64105968359287,Pedestrian,Severe,2,4,2,Highway,Clear,Night,40,Damaged,2023-04-02 02:00:00,4,1,1,0,0,2,1,2
2,3,Fafadih,21.235949101152837,81.6620234050069,Overturning,Fatal,3,1,2,Rural,Foggy,Night,80,Good,2023-10-26 02:00:00,10,0,1,0,3,0,1,1
11,1,Amanaka,21.266410454855546,81.62770963287282,Pedestrian,Severe,2,4,2,Urban,Rainy,Day,80,Good,2023-10-31 11:00:00,10,0,0,0,2,0,0,0
6,1,Shankar Nagar,21.242402657764096,81.64188524292132,Skid,Minor,0,4,0,Highway,Clear,Day,60,Good,2023-09-05 06:00:00,9,0,0,0,0,0,0,2
2,0,Telibandha,21.236248231150515,81.65052925481108,Pedestrian,Moderate,1,4,1,Highway,Rainy,Night,60,Wet,2023-11-13 02:00:00,11,0,1,0,2,1,1,2
9,1,Telibandha,21.2404191602417,81.65211206151217,Hit-and-run,Severe,2,1,1,Highway,Rainy,Day,80,Good,2023-01-17 09:00:00,1,0,0,1,2,0,0,2
23,6,Devendra Nagar,21.2385322432252,81.61945714470657,Collision,Minor,0,2,1,Highway,Clear,Night,60,Good,2023-03-12 23:00:00,3,1,1,0,0,0,1,2
6,0,Shankar Nagar,21.24258613205493,81.64381651939311,Skid,Moderate,1,2,0,Rural,Clear,Day,60,Good,2023-02-27 06:00:00,2,0,0,0,0,0,0,1
21,4,Mowa,21.28036770204065,81.64371560984364,Skid,Minor,0,3,0,Urban,Foggy,Day,100,Under repair,2023-09-15 21:00:00,9,0,0,0,3,3,0,0
4,1,Pandri,21.25024974617409,81.62861709968807,Hit-and-run,Severe,2,4,3,Intersection,Clear,Night,100,Wet,2023-12-05 04:00:00,12,0,1,0,0,1,1,3
21,2,Fafadih,21.230915012194732,81.6635045823843,Skid,Severe,2,1,0,Urban,Rainy,Day,80,Good,2023-07-26 21:00:00,7,0,0,0,2,0,0,0
13,2,Mowa,21.276138533636782,81.64485010918557,Overturning,Severe,2,4,1,Intersection,Rainy,Day,100,Good,2023-12-20 13:00:00,12,0,0,0,2,0,0,3
16,6,GE Road,21.251823559714413,81.64876486656463,Collision,Minor,0,1,1,Intersection,Clear,Day,80,Good,2023-07-30 16:00:00,7,1,0,0,0,0,0,3
5,2,Fafadih,21.23112986880067,81.6571333744165,Pedestrian,Minor,0,4,0,Rural,Clear,Night,60,Good,2023-11-22 05:00:00,11,0,1,0,0,0,1,1
18,6,Ring Road No 1,21.261457041730868,81.65020997939413,Pedestrian,Minor,0,2,0,Rural,Rainy,Day,60,Good,2023-07-09 18:00:00,7,1,0,1,2,0,0,1
13,2,Devendra Nagar,21.238492927065256,81.622807934534,Hit-and-run,Severe,2,4,2,Rural,Cloudy,Day,100,Wet,2023-02-08 13:00:00,2,0,0,0,1,1,0,1
3,3,Pandri,21.25417307210408,81.63130165371629,Hit-and-run,Fatal,3,3,0,Highway,Clear,Night,40,Good,2023-09-07 03:00:00,9,0,1,0,0,0,1,2
4,0,Katora Talab,21.23521138237277,81.63464080889524,Pedestrian,Minor,0,4,0,Rural,Clear,Night,80,Under repair,2023-08-21 04:00:00,8,0,1,0,0,3,1,1
0,1,Katora Talab,21.235031506291733,81.6349462822,Pedestrian,Moderate,1,4,0,Rural,Clear,Night,80,Damaged,2023-07-25 00:00:00,7,0,1,0,0,2,1,1
22,5,Katora Talab,21.241320323471232,81.63740549640788,Pedestrian,Severe,2,4,0,Rural,Clear,Night,100,Wet,2023-05-27 22:00:00,5,1,1,0,0,1,1,1
0,1,Mowa,21.28046238291708,81.64082134526285,Overturning,Minor,0,1,0,Intersection,Clear,Night,80,Wet,2023-06-27 00:00:00,6,0,1,0,0,1,1,3
1,3,Amanaka,21.272249815178835,81.62993936914589,Skid,Moderate,1,3,0,Rural,Clear,Night,80,Under repair,2023-01-26 01:00:00,1,0,1,0,0,3,1,1
6,2,Mowa,21.278142939554023,81.64405113425948,Collision,Moderate,1,3,1,Intersection,Clear,Day,100,Good,2023-11-08 06:00:00,11,0,0,0,0,0,0,3
2,1,Katora Talab,21.23892126364214,81.63650965347065,Overturning,Severe,2,4,1,Rural,Clear,Night,100,Good,2023-09-26 02:00:00,9,0,1,0,0,0,1,1
14,2,GE Road,21.25208449206763,81.64831282506275,Skid,Severe,2,2,3,Urban,Cloudy,Day,60,Wet,2023-08-02 14:00:00,8,0,0,0,1,1,0,0
20,2,Jail Road,21.23141392790948,81.63724141687824,Hit-and-run,Severe,2,1,2,Intersection,Clear,Day,100,Good,2023-02-22 20:00:00,2,0,0,0,0,0,0,3
6,4,Amanaka,21.26746596821012,81.63518520402938,Skid,Moderate,1,3,2,Intersection,Rainy,Day,100,Wet,2023-03-03 06:00:00,3,0,0,0,2,1,0,3
19,3,Pandri,21.251919592928125,81.6241231544643,Overturning,Minor,0,1,1,Rural,Rainy,Day,80,Under repair,2023-08-24 19:00:00,8,0,0,1,2,3,0,1
2,2,Pandri,21.25276543914285,81.63191818513376,Skid,Minor,0,1,0,Intersection,Clear,Night,60,Under repair,2023-01-11 02:00:00,1,0,1,0,0,3,1,3
3,4,GE Road,21.2509681442876,81.65602339884985,Hit-and-run,Severe,2,3,3,Intersection,Rainy,Night,60,Good,2023-03-31 03:00:00,3,0,1,0,2,0,1,3
10,4,Fafadih,21.23105119468105,81.66011673850983,Pedestrian,Fatal,3,3,0,Intersection,Rainy,Day,100,Good,2023-07-07 10:00:00,7,0,0,0,2,0,0,3
13,5,Katora Talab,21.235514799281617,81.63427143716613,Overturning,Fatal,3,3,1,Rural,Clear,Day,60,Good,2023-07-01 13:00:00,7,1,0,0,0,0,0,1
23,5,Telibandha,21.2379138255611,81.64587956836618,Pedestrian,Minor,0,2,0,Rural,Clear,Night,40,Good,2023-09-16 23:00:00,9,1,1,0,0,0,1,1
12,4,Amanaka,21.26836035511129,81.63470713791268,Skid,Minor,0,2,0,Highway,Clear,Day,80,Wet,2023-10-20 12:00:00,10,0,0,0,0,1,0,2
19,2,Devendra Nagar,21.249285716246185,81.63000672982012,Overturning,Fatal,3,2,2,Highway,Clear,Day,40,Wet,2023-01-25 19:00:00,1,0,0,1,0,1,0,2
23,3,Telibandha,21.242906421693554,81.64777386291098,Hit-and-run,Moderate,1,2,0,Highway,Rainy,Night,80,Wet,2023-03-02 23:00:00,3,0,1,0,2,1,1,2
1,1,Devendra Nagar,21.24351257116812,81.62292201426747,Collision,Severe,2,3,2,Rural,Clear,Night,80,Good,2023-06-27 01:00:00,6,0,1,0,0,0,1,1
18,1,Devendra Nagar,21.25095367666656,81.62290372784346,Collision,Minor,0,1,0,Highway,Foggy,Day,100,Good,2023-05-09 18:00:00,5,0,0,1,3,0,0,2
9,2,Ring Road No 1,21.259417477528388,81.64969646858914,Pedestrian,Severe,2,2,1,Highway,Clear,Day,80,Good,2023-01-18 09:00:00,1,0,0,1,0,0,0,2