hour,day_of_week,location,latitude,longitude,accident_type,severity,severity_encoded,vehicles_involved,casualties,road_type,weather,light_condition,speed_limit,road_condition,datetime,month,is_weekend,is_night,is_rush_hour,weather_encoded,road_cond_encoded,light_encoded,road_type_encoded
3,6,Mowa,21.281171168005457,81.64436982083069,Pedestrian,Moderate,1,4,0,Rural,Rainy,Night,100,Good,2023-06-11 03:00:00,6,1,1,0,2,0,1,1
21,4,Shankar Nagar,21.242899350000528,81.64415024402068,Pedestrian,Moderate,1,2,0,Intersection,Rainy,Day,40,Under repair,2023-05-19 21:00:00,5,0,0,0,2,3,0,3
21,4,Tikrapara,21.25328048339236,81.61901148770511,Pedestrian,Moderate,1,2,0,Intersection,Clear,Day,80,Wet,2023-02-10 21:00:00,2,0,0,0,0,1,0,3
16,1,GE Road,21.253782056264107,81.64640141017453,Overturning,Severe,2,3,1,Intersection,Rainy,Day,40,Good,2023-06-20 16:00:00,6,0,0,0,2,0,0,3
20,2,Devendra Nagar,21.24309098439051,81.61780065554171,Overturning,Severe,2,2,0,Highway,Clear,Day,40,Good,2023-12-20 20:00:00,12,0,0,0,0,0,0,2
20,1,Tikrapara,21.264869686784436,81.61653953806893,Hit-and-run,Moderate,1,2,0,Urban,Clear,Day,80,Under repair,2023-01-17 20:00:00,1,0,0,0,0,3,0,0
6,4,Telibandha,21.239623129833586,81.65191175112444,Skid,Minor,0,3,0,Intersection,Clear,Day,60,Wet,2023-03-17 06:00:00,3,0,0,0,0,1,0,3
17,1,Amanaka,21.274536203847425,81.63453830667805,Skid,Moderate,1,4,0,Rural,Rainy,Day,40,Under repair,2023-05-23 17:00:00,5,0,0,1,2,3,0,1
13,1,Ring Road No 1,21.261781710618667,81.65171920294571,Skid,Severe,2,3,2,Urban,Clear,Day,100,Wet,2023-03-28 13:00:00,3,0,0,0,0,1,0,0
18,0,Tikrapara,21.263952240829628,81.6181894824058,Collision,Minor,0,3,1,Highway,Rainy,Day,100,Wet,2023-12-04 18:00:00,12,0,0,1,2,1,0,2
9,2,Ring Road No 1,21.260535392755248,81.64657772657506,Collision,Minor,0,2,1,Rural,Clear,Day,80,Good,2023-01-18 09:00:00,1,0,0,1,0,0,0,1
8,0,GE Road,21.247536107846184,81.65149317449222,Collision,Moderate,1,2,2,Intersection,Clear,Day,100,Under repair,2023-01-23 08:00:00,1,0,0,1,0,3,0,3
0,0,Pandri,21.25043812657108,81.62777743727024,Pedestrian,Moderate,1,2,1,Urban,Clear,Night,80,Good,2023-06-19 00:00:00,6,0,1,0,0,0,1,0
12,4,Amanaka,21.267852098330447,81.6352551375806,Skid,Moderate,1,1,0,Highway,Clear,Day,100,Good,2023-06-16 12:00:00,6,0,0,0,0,0,0,2
5,0,Devendra Nagar,21.244881634718705,81.62258060356885,Overturning,Severe,2,1,0,Highway,Foggy,Night,100,Wet,2023-05-01 05:00:00,5,0,1,0,3,1,1,2
11,0,Shankar Nagar,21.247547971783437,81.64671404884558,Overturning,Minor,0,2,0,Intersection,Rainy,Day,80,Under repair,2023-04-03 11:00:00,4,0,0,0,2,3,0,3
19,2,Telibandha,21.234069934981274,81.65108277819343,Hit-and-run,Minor,0,3,0,Intersection,Clear,Day,80,Damaged,2023-03-08 19:00:00,3,0,0,1,0,2,0,3
2,2,Mowa,21.27656941370413,81.64155524665843,Overturning,Moderate,1,2,0,Rural,Clear,Night,80,Damaged,2023-07-19 02:00:00,7,0,1,0,0,2,1,1
13,0,Katora Talab,21.23762783515538,81.63386184024921,Hit-and-run,Moderate,1,2,0,Rural,Clear,Day,40,Wet,2023-05-01 13:00:00,5,0,0,0,0,1,0,1
15,0,Ring Road No 1,21.264091379641883,81.6532189106181,Collision,Minor,0,3,0,Intersection,Clear,Day,100,Wet,2023-04-10 15:00:00,4,0,0,0,0,1,0,3
16,6,Devendra Nagar,21.24648373040162,81.6214594910875,Overturning,Fatal,3,3,3,Rural,Clear,Day,60,Good,2023-11-26 16:00:00,11,1,0,0,0,0,0,1
4,3,Pandri,21.24951240117909,81.62528088411014,Hit-and-run,Moderate,1,2,2,Intersection,Clear,Night,40,Good,2023-04-06 04:00:00,4,0,1,0,0,0,1,3
4,0,Pandri,21.24883823910744,81.6354862050857,Pedestrian,Minor,0,4,0,Rural,Rainy,Night,60,Wet,2023-11-13 04:00:00,11,0,1,0,2,1,1,1
9,2,Tikrapara,21.257723989277714,81.61511986356267,Hit-and-run,Minor,0,2,0,Urban,Clear,Day,100,Under repair,2023-08-30 09:00:00,8,0,0,1,0,3,0,0
19,4,Ring Road No 1,21.264359783585537,81.65086890572212,Skid,Moderate,1,2,1,Intersection,Clear,Day,60,Wet,2023-09-15 19:00:00,9,0,0,1,0,1,0,3
12,6,Ring Road No 1,21.26281322028945,81.65542713789924,Hit-and-run,Fatal,3,2,1,Rural,Rainy,Day,40,Wet,2023-05-07 12:00:00,5,1,0,0,2,1,0,1
2,3,Telibandha,21.24054738002668,81.64851002120488,Skid,Severe,2,1,3,Highway,Rainy,Night,40,Wet,2023-09-21 02:00:00,9,0,1,0,2,1,1,2
19,0,Katora Talab,21.235426572247224,81.63299224045828,Skid,Severe,2,1,1,Urban,Clear,Day,100,Wet,2023-01-16 19:00:00,1,0,0,1,0,1,0,0
8,4,Mowa,21.281524218864742,81.64137555711164,Pedestrian,Moderate,1,2,1,Rural,Rainy,Day,80,Good,2023-03-17 08:00:00,3,0,0,1,2,0,0,1
4,6,Mowa,21.27352053949264,81.6421550409638,Overturning,Severe,2,2,1,Urban,Rainy,Night,40,Damaged,2023-04-30 04:00:00,4,1,1,0,2,2,1,0
4,1,Fafadih,21.228488921996615,81.66775269180526,Overturning,Severe,2,2,1,Intersection,Clear,Night,80,Good,2023-05-02 04:00:00,5,0,1,0,0,0,1,3
21,2,Shankar Nagar,21.24060299625846,81.64161440570392,Collision,Severe,2,4,0,Intersection,Clear,Day,60,Damaged,2023-12-27 21:00:00,12,0,0,0,0,2,0,3
10,1,Amanaka,21.270774608204103,81.63413402551797,Hit-and-run,Minor,0,4,1,Highway,Foggy,Day,80,Damaged,2023-10-31 10:00:00,10,0,0,0,3,2,0,2
20,5,Fafadih,21.232229908795603,81.66246548185848,Skid,Moderate,1,4,0,Highway,Rainy,Day,40,Good,2023-03-18 20:00:00,3,1,0,0,2,0,0,2
0,0,Telibandha,21.24347864787639,81.65240252724544,Hit-and-run,Minor,0,1,0,Rural,Clear,Night,100,Good,2023-12-04 00:00:00,12,0,1,0,0,0,1,1
13,5,Fafadih,21.23753554163572,81.65806014267571,Hit-and-run,Moderate,1,3,0,Intersection,Cloudy,Day,100,Damaged,2023-01-28 13:00:00,1,1,0,0,1,2,0,3
11,2,Devendra Nagar,21.246552087899765,81.62386573815618,Hit-and-run,Moderate,1,1,2,Intersection,Clear,Day,100,Wet,2023-11-29 11:00:00,11,0,0,0,0,1,0,3
23,2,Devendra Nagar,21.24665327387503,81.6275286959119,Skid,Minor,0,3,1,Highway,Clear,Night,80,Good,2023-02-01 23:00:00,2,0,1,0,0,0,1,2
23,1,Jail Road,21.229137632550625,81.63888348990034,Skid,Fatal,3,2,2,Highway,Clear,Night,100,Good,2023-01-03 23:00:00,1,0,1,0,0,0,1,2
15,4,Tikrapara,21.261701942392257,81.61336539181731,Skid,Severe,2,2,1,Urban,Clear,Day,40,Damaged,2023-03-03 15:00:00,3,0,0,0,0,2,0,0
4,6,Jail Road,21.229089443852637,81.63969740693214,Hit-and-run,Minor,0,4,0,Highway,Cloudy,Night,40,Under repair,2023-06-04 04:00:00,6,1,1,0,1,3,1,2
6,2,Amanaka,21.26723892415108,81.63817117703408,Collision,Minor,0,2,1,Urban,Clear,Day,80,Good,2023-08-16 06:00:00,8,0,0,0,0,0,0,0
7,6,Ring Road No 1,21.26021327904797,81.65079238085491,Skid,Minor,0,3,0,Rural,Clear,Day,40,Under repair,2023-04-16 07:00:00,4,1,0,1,0,3,0,1
13,2,Fafadih,21.23397947167597,81.66526035468442,Skid,Fatal,3,2,0,Intersection,Rainy,Day,40,Wet,2023-11-29 13:00:00,11,0,0,0,2,1,0,3
12,4,Jail Road,21.22976833069536,81.6429084607824,Skid,Severe,2,3,3,Highway,Clear,Day,80,Damaged,2023-02-03 12:00:00,2,0,0,0,0,2,0,2
20,4,Tikrapara,21.262201786191834,81.61907037266852,Pedestrian,Fatal,3,3,2,Highway,Rainy,Day,100,Damaged,2023-05-05 20:00:00,5,0,0,0,2,2,0,2
4,4,Katora Talab,21.23343145977518,81.6301962574173,Overturning,Minor,0,2,1,Rural,Rainy,Night,40,Good,2023-10-20 04:00:00,10,0,1,0,2,0,1,1
11,0,Katora Talab,21.237019516204256,81.6328719093783,Overturning,Moderate,1,1,2,Highway,Clear,Day,100,Wet,2023-06-05 11:00:00,6,0,0,0,0,1,0,2
19,2,Fafadih,21.235857783275044,81.66343756955429,Skid,Minor,0,3,0,Intersection,Rainy,Day,80,Good,2023-05-31 19:00:00,5,0,0,1,2,0,0,3
13,4,Tikrapara,21.25954616701669,81.61522686122818,Overturning,Minor,0,3,1,Highway,Clear,Day,100,Good,2023-09-22 13:00:00,9,0,0,0,0,0,0,2
8,1,Pandri,21.252932206648826,81.62654615166159,Collision,Moderate,1,4,2,Urban,Clear,Day,100,Good,2023-06-13 08:00:00,6,0,0,1,0,0,0,0
22,2,Telibandha,21.236624608231207,81.64716175278535,Hit-and-run,Minor,0,3,0,Highway,Clear,Night,60,Good,2023-09-13 22:00:00,9,0,1,0,0,0,1,2
9,2,Katora Talab,21.23628449693418,81.63801057700222,Overturning,Moderate,1,4,0,Intersection,Foggy,Day,100,Under repair,2023-11-01 09:00:00,11,0,0,1,3,3,0,3
2,5,Pandri,21.25138487738933,81.62827034392271,Pedestrian,Minor,0,1,0,Intersection,Rainy,Night,100,Wet,2023-05-20 02:00:00,5,1,1,0,2,1,1,3
10,6,Jail Road,21.225223155209864,81.64175637375419,Overturning,Fatal,3,3,3,Rural,Rainy,Day,40,Damaged,2023-08-20 10:00:00,8,1,0,0,2,2,0,1
4,2,Shankar Nagar,21.24115878618221,81.64245255285748,Collision,Moderate,1,4,1,Rural,Rainy,Night,40,Good,2023-11-08 04:00:00,11,0,1,0,2,0,1,1
3,4,Shankar Nagar,21.24243734415225,81.6446145316588,Skid,Moderate,1,1,0,Intersection,Clear,Night,60,Damaged,2023-08-11 03:00:00,8,0,1,0,0,2,1,3
9,3,Mowa,21.278428290823918,81.64212322093644,Hit-and-run,Moderate,1,1,2,Rural,Clear,Day,40,Good,2023-06-22 09:00:00,6,0,0,1,0,0,0,1
1,0,Fafadih,21.234557241442367,81.66752082054678,Overturning,Moderate,1,1,0,Rural,Rainy,Night,80,Good,2023-12-04 01:00:00,12,0,1,0,2,0,1,1
6,3,Katora Talab,21.239365340791075,81.63423418168095,Hit-and-run,Minor,0,4,1,Urban,Clear,Day,80,Good,2023-04-06 06:00:00,4,0,0,0,0,0,0,0
22,0,Fafadih,21.233109593971847,81.65962542161903,Hit-and-run,Moderate,1,1,2,Intersection,Rainy,Night,100,Good,2023-10-02 22:00:00,10,0,1,0,2,0,1,3
16,2,Katora Talab,21.23385001288944,81.6328417476388,Hit-and-run,Severe,2,2,1,Rural,Cloudy,Day,80,Good,2023-07-05 16:00:00,7,0,0,0,1,0,0,1
6,4,Ring Road No 1,21.261083553108865,81.65316010515139,Overturning,Minor,0,1,0,Intersection,Clear,Day,40,Under repair,2023-07-28 06:00:00,7,0,0,0,0,3,0,3
6,6,Devendra Nagar,21.24238641542639,81.62739963168414,Skid,Minor,0,3,0,Rural,Cloudy,Day,80,Damaged,2023-07-09 06:00:00,7,1,0,0,1,2,0,1
18,3,Devendra Nagar,21.24785613915085,81.6234615051881,Pedestrian,Minor,0,3,1,Urban,Clear,Day,40,Wet,2023-12-07 18:00:00,12,0,0,1,0,1,0,0
22,4,Ring Road No 1,21.263400955834395,81.64952815607116,Skid,Moderate,1,1,1,Urban,Clear,Night,80,Under repair,2023-08-25 22:00:00,8,0,1,0,0,3,1,0
18,4,Shankar Nagar,21.244310253234044,81.64536427738963,Collision,Moderate,1,3,1,Rural,Rainy,Day,40,Wet,2023-06-09 18:00:00,6,0,0,1,2,1,0,1
4,2,Mowa,21.276790530613237,81.63769982373324,Skid,Minor,0,4,1,Highway,Clear,Night,80,Good,2023-07-19 04:00:00,7,0,1,0,0,0,1,2
23,3,Fafadih,21.23520965476457,81.66217309792273,Overturning,Moderate,1,1,0,Rural,Rainy,Night,80,Under repair,2023-03-23 23:00:00,3,0,1,0,2,3,1,1
7,4,Devendra Nagar,21.24223940359568,81.62119982588726,Overturning,Moderate,1,4,1,Highway,Clear,Day,40,Wet,2023-07-14 07:00:00,7,0,0,1,0,1,0,2
20,2,Devendra Nagar,21.24302268717785,81.6212264031929,Collision,Severe,2,3,0,Intersection,Clear,Day,60,Damaged,2023-12-27 20:00:00,12,0,0,0,0,2,0,3
13,2,Tikrapara,21.25912895173788,81.61790035808716,Skid,Severe,2,1,0,Intersection,Clear,Day,40,Wet,2023-05-24 13:00:00,5,0,0,0,0,1,0,3
4,6,GE Road,21.249247619034797,81.6466255085415,Skid,Minor,0,1,0,Highway,Clear,Night,40,Good,2023-03-19 04:00:00,3,1,1,0,0,0,1,2
1,6,Ring Road No 1,21.262713646968244,81.65170307460458,Skid,Severe,2,4,2,Intersection,Clear,Night,60,Wet,2023-07-02 01:00:00,7,1,1,0,0,1,1,3
11,4,Pandri,21.250451110390905,81.63307600107002,Pedestrian,Minor,0,4,0,Highway,Cloudy,Day,80,Wet,2023-12-29 11:00:00,12,0,0,0,1,1,0,2
15,0,Mowa,21.280424263143264,81.63752746242943,Overturning,Moderate,1,3,1,Urban,Rainy,Day,100,Good,2023-06-26 15:00:00,6,0,0,0,2,0,0,0
20,5,Tikrapara,21.261671183296244,81.62051663194777,Overturning,Fatal,3,3,0,Highway,Rainy,Day,60,Wet,2023-05-06 20:00:00,5,1,0,0,2,1,0,2
1,3,Katora Talab,21.235395795095627,81.6300144072381,Pedestrian,Moderate,1,1,0,Intersection,Rainy,Night,40,Good,2023-04-13 01:00:00,4,0,1,0,2,0,1,3
23,1,Amanaka,21.270024200278232,81.63497687404556,Pedestrian,Severe,2,3,1,Rural,Clear,Night,40,Under repair,2023-12-05 23:00:00,12,0,1,0,0,3,1,1
23,1,Jail Road,21.2264350612904,81.63574634235123,Pedestrian,Fatal,3,3,1,Highway,Foggy,Night,100,Good,2023-09-05 23:00:00,9,0,1,0,3,0,1,2
3,6,Ring Road No 1,21.26313733936064,81.65050076842385,Collision,Moderate,1,4,2,Highway,Rainy,Night,100,Wet,2023-03-19 03:00:00,3,1,1,0,2,1,1,2
7,6,GE Road,21.249948203904037,81.64864976779576,Overturning,Fatal,3,1,0,Highway,Clear,Day,40,Good,2023-03-26 07:00:00,3,1,0,1,0,0,0,2
17,3,Tikrapara,21.256791670878545,81.6173955381614,Hit-and-run,Minor,0,4,0,Urban,Clear,Day,80,Good,2023-10-05 17:00:00,10,0,0,1,0,0,0,0
11,2,Fafadih,21.234699975091843,81.66015008975894,Collision,Minor,0,1,0,Rural,Clear,Day,80,Under repair,2023-05-03 11:00:00,5,0,0,0,0,3,0,1
5,4,Mowa,21.273884082584622,81.64088192316683,Hit-and-run,Moderate,1,4,0,Rural,Clear,Night,40,Wet,2023-12-22 05:00:00,12,0,1,0,0,1,1,1
22,4,Tikrapara,21.25688952460948,81.61950140888939,Collision,Severe,2,2,0,Intersection,Clear,Night,80,Wet,2023-09-15 22:00:00,9,0,1,0,0,1,1,3
0,2,Amanaka,21.27095651221014,81.63002367612475,Collision,Severe,2,2,2,Intersection,Rainy,Night,60,Wet,2023-06-14 00:00:00,6,0,1,0,2,1,1,3
7,6,Devendra Nagar,21.247877038911746,81.62006344109616,Collision,Minor,0,1,1,Intersection,Rainy,Day,60,Good,2023-11-12 07:00:00,11,1,0,1,2,0,0,3
14,2,Katora Talab,21.241377546871448,81.6343536712065,Pedestrian,Fatal,3,3,4,Highway,Clear,Day,60,Wet,2023-04-05 14:00:00,4,0,0,0,0,1,0,2
12,2,GE Road,21.247460819504383,81.64547404178792,Pedestrian,Moderate,1,2,2,Rural,Clear,Day,80,Wet,2023-07-19 12:00:00,7,0,0,0,0,1,0,1
0,1,Ring Road No 1,21.264444285875364,81.65002610033031,Collision,Severe,2,3,2,Rural,Clear,Night,80,Wet,2023-04-04 00:00:00,4,0,1,0,0,1,1,1
19,5,Amanaka,21.269710038271143,81.63983834069809,Collision,Moderate,1,3,0,Intersection,Clear,Day,40,Under repair,2023-09-09 19:00:00,9,1,0,1,0,3,0,3
5,4,Jail Road,21.227702267807317,81.64027988857309,Overturning,Severe,2,3,0,Urban,Clear,Night,80,Damaged,2023-03-10 05:00:00,3,0,1,0,0,2,1,0
19,5,Ring Road No 1,21.26765953346212,81.6520115404264,Hit-and-run,Moderate,1,1,0,Urban,Cloudy,Day,60,Good,2023-11-18 19:00:00,11,1,0,1,1,0,0,0
23,4,Amanaka,21.265180191793924,81.6365161670352,Pedestrian,Severe,2,1,0,Urban,Clear,Night,100,Good,2023-02-24 23:00:00,2,0,1,0,0,0,1,0
10,4,Fafadih,21.22961099142665,81.6654204225862,Collision,Severe,2,2,3,Urban,Cloudy,Day,100,Good,2023-08-18 10:00:00,8,0,0,0,1,0,0,0
19,6,Pandri,21.248931397185007,81.63850852852323,Pedestrian,Fatal,3,2,0,Urban,Clear,Day,60,Good,2023-09-10 19:00:00,9,1,0,1,0,0,0,0
13,1,Mowa,21.283302127964983,81.63991016229112,Hit-and-run,Moderate,1,2,0,Urban,Clear,Day,100,Good,2023-07-18 13:00:00,7,0,0,0,0,0,0,0
6,0,Telibandha,21.238960041415005,81.6523609328449,Skid,Minor,0,2,1,Intersection,Clear,Day,80,Good,2023-02-20 06:00:00,2,0,0,0,0,0,0,3
5,1,Shankar Nagar,21.24585098142268,81.64342700877992,Hit-and-run,Severe,2,1,2,Rural,Rainy,Night,40,Damaged,2023-10-24 05:00:00,10,0,1,0,2,2,1,1
6,3,Mowa,21.282656477110898,81.6419310931601,Pedestrian,Moderate,1,4,2,Urban,Rainy,Day,80,Under repair,2023-07-06 06:00:00,7,0,0,0,2,3,0,0
11,0,Amanaka,21.268899846994277,81.63395940803623,Overturning,Fatal,3,4,3,Rural,Clear,Day,80,Wet,2023-09-18 11:00:00,9,0,0,0,0,1,0,1
10,1,Mowa,21.28147511969592,81.64339554312092,Skid,Moderate,1,1,1,Intersection,Clear,Day,100,Under repair,2023-01-03 10:00:00,1,0,0,0,0,3,0,3
3,5,Fafadih,21.23397385099707,81.66358570274777,Skid,Severe,2,2,2,Intersection,Clear,Night,100,Good,2023-02-04 03:00:00,2,1,1,0,0,0,1,3
8,6,Telibandha,21.23274684277644,81.65103020647162,Hit-and-run,Moderate,1,3,0,Highway,Clear,Day,80,Wet,2023-08-06 08:00:00,8,1,0,1,0,1,0,2
22,2,Devendra Nagar,21.24625570666662,81.6284064242439,Hit-and-run,Moderate,1,2,2,Rural,Cloudy,Night,40,Wet,2023-01-04 22:00:00,1,0,1,0,1,1,1,1
4,2,Shankar Nagar,21.23891423605321,81.64677155989713,Pedestrian,Moderate,1,1,2,Urban,Rainy,Night,60,Good,2023-08-02 04:00:00,8,0,1,0,2,0,1,0
7,2,Shankar Nagar,21.243726227386777,81.64356696859198,Skid,Minor,0,3,1,Urban,Rainy,Day,100,Good,2023-04-05 07:00:00,4,0,0,1,2,0,0,0
9,6,Fafadih,21.23812775636283,81.66288228380401,Overturning,Minor,0,1,1,Highway,Clear,Day,60,Wet,2023-02-19 09:00:00,2,1,0,1,0,1,0,2
11,0,Fafadih,21.234301104868383,81.6619268735574,Pedestrian,Severe,2,3,1,Urban,Rainy,Day,80,Wet,2023-05-22 11:00:00,5,0,0,0,2,1,0,0
18,2,Jail Road,21.228349565595018,81.64001453262647,Hit-and-run,Severe,2,1,3,Rural,Rainy,Day,60,Under repair,2023-05-31 18:00:00,5,0,0,1,2,3,0,1
19,1,Jail Road,21.22765346170163,81.63996629930173,Hit-and-run,Minor,0,4,1,Highway,Rainy,Day,60,Under repair,2023-11-28 19:00:00,11,0,0,1,2,3,0,2
1,3,GE Road,21.244192207908835,81.6501871187027,Skid,Minor,0,4,0,Highway,Clear,Night,40,Good,2023-12-21 01:00:00,12,0,1,0,0,0,1,2
7,5,GE Road,21.25083478823865,81.64789138879,Hit-and-run,Severe,2,1,0,Rural,Clear,Day,40,Good,2023-08-05 07:00:00,8,1,0,1,0,0,0,1
12,0,Fafadih,21.23375927425182,81.6568993082311,Overturning,Minor,0,3,0,Highway,Rainy,Day,80,Wet,2023-11-06 12:00:00,11,0,0,0,2,1,0,2
6,6,Fafadih,21.238887809989865,81.66089169761553,Skid,Moderate,1,3,2,Rural,Clear,Day,60,Good,2023-09-24 06:00:00,9,1,0,0,0,0,0,1
5,5,Ring Road No 1,21.262962466701083,81.6483038113696,Skid,Severe,2,1,1,Intersection,Clear,Night,80,Good,2023-06-03 05:00:00,6,1,1,0,0,0,1,3
17,6,Pandri,21.25147183914735,81.63376087967082,Collision,Minor,0,3,1,Highway,Clear,Day,80,Under repair,2023-08-27 17:00:00,8,1,0,1,0,3,0,2
1,1,Shankar Nagar,21.246607748628296,81.64466331325342,Overturning,Moderate,1,4,0,Intersection,Rainy,Night,100,Wet,2023-11-07 01:00:00,11,0,1,0,2,1,1,3
12,5,Pandri,21.253039196855003,81.6285243724173,Hit-and-run,Moderate,1,3,0,Urban,Clear,Day,80,Damaged,2023-12-16 12:00:00,12,1,0,0,0,2,0,0
8,3,Telibandha,21.23454951049889,81.64949688368439,Overturning,Severe,2,3,2,Rural,Rainy,Day,60,Good,2023-10-05 08:00:00,10,0,0,1,2,0,0,1
22,2,Ring Road No 1,21.2626923856064,81.65434638331902,Pedestrian,Severe,2,2,3,Highway,Clear,Night,80,Good,2023-02-01 22:00:00,2,0,1,0,0,0,1,2
8,6,Jail Road,21.23072817132738,81.64493693458371,Collision,Moderate,1,2,1,Intersection,Rainy,Day,40,Good,2023-12-10 08:00:00,12,1,0,1,2,0,0,3
7,6,Telibandha,21.24249246562012,81.64873051317149,Pedestrian,Minor,0,1,1,Rural,Clear,Day,100,Wet,2023-12-31 07:00:00,12,1,0,1,0,1,0,1
6,1,Fafadih,21.22771461241014,81.66535672570181,Pedestrian,Severe,2,3,3,Urban,Rainy,Day,60,Good,2023-08-29 06:00:00,8,0,0,0,2,0,0,0
22,2,GE Road,21.255278155669693,81.6448013652273,Collision,Severe,2,2,3,Intersection,Rainy,Night,40,Good,2023-09-20 22:00:00,9,0,1,0,2,0,1,3
20,2,Katora Talab,21.24122772005948,81.63564635151178,Collision,Severe,2,1,1,Urban,Rainy,Day,100,Wet,2023-02-15 20:00:00,2,0,0,0,2,1,0,0
6,3,Jail Road,21.230282056494374,81.64494434976275,Pedestrian,Minor,0,3,0,Intersection,Clear,Day,40,Wet,2023-03-23 06:00:00,3,0,0,0,0,1,0,3
15,3,Shankar Nagar,21.247534055519694,81.64405399285599,Overturning,Severe,2,2,1,Intersection,Clear,Day,40,Damaged,2023-03-16 15:00:00,3,0,0,0,0,2,0,3
6,6,Ring Road No 1,21.26481965119744,81.6530491828716,Collision,Minor,0,2,0,Highway,Rainy,Day,80,Good,2023-02-05 06:00:00,2,1,0,0,2,0,0,2
22,0,Amanaka,21.268799827698352,81.63483469565081,Hit-and-run,Moderate,1,4,2,Highway,Clear,Night,100,Damaged,2023-12-04 22:00:00,12,0,1,0,0,2,1,2
15,4,GE Road,21.24849304853622,81.64790088067278,Skid,Severe,2,2,2,Highway,Clear,Day,40,Wet,2023-06-30 15:00:00,6,0,0,0,0,1,0,2
16,3,Jail Road,21.228700098363998,81.63819408389114,Collision,Minor,0,4,0,Highway,Clear,Day,60,Damaged,2023-04-06 16:00:00,4,0,0,0,0,2,0,2
15,2,Shankar Nagar,21.243910239507947,81.6411280574479,Skid,Minor,0,1,0,Highway,Clear,Day,80,Wet,2023-05-03 15:00:00,5,0,0,0,0,1,0,2
5,5,Mowa,21.280406704161056,81.63743303816013,Collision,Fatal,3,4,1,Urban,Clear,Night,60,Under repair,2023-10-21 05:00:00,10,1,1,0,0,3,1,0
7,1,Katora Talab,21.23635993561768,81.63489465492053,Pedestrian,Minor,0,1,0,Rural,Clear,Day,60,Wet,2023-02-28 07:00:00,2,0,0,1,0,1,0,1
19,3,Ring Road No 1,21.26246811228049,81.65068282190057,Skid,Minor,0,4,0,Highway,Clear,Day,40,Good,2023-09-07 19:00:00,9,0,0,1,0,0,0,2
20,3,Mowa,21.27414426196781,81.64336943131401,Hit-and-run,Minor,0,2,0,Urban,Clear,Day,80,Good,2023-01-05 20:00:00,1,0,0,0,0,0,0,0
13,3,Jail Road,21.2317428179477,81.64158061188262,Skid,Moderate,1,2,1,Urban,Clear,Day,60,Good,2023-07-13 13:00:00,7,0,0,0,0,0,0,0
23,5,Ring Road No 1,21.26651618117833,81.65180458881736,Collision,Severe,2,1,1,Rural,Clear,Night,80,Under repair,2023-05-06 23:00:00,5,1,1,0,0,3,1,1
22,3,Devendra Nagar,21.247036043541957,81.62386827221538,Hit-and-run,Fatal,3,3,0,Urban,Cloudy,Night,40,Damaged,2023-10-05 22:00:00,10,0,1,0,1,2,1,0
16,5,Katora Talab,21.238762652158776,81.62976831109161,Skid,Fatal,3,3,2,Rural,Cloudy,Day,100,Good,2023-05-27 16:00:00,5,1,0,0,1,0,0,1
4,6,Amanaka,21.267319257096062,81.6397606989711,Skid,Severe,2,4,2,Rural,Rainy,Night,60,Wet,2023-08-27 04:00:00,8,1,1,0,2,1,1,1
13,1,Mowa,21.27151869253371,81.64187946621053,Collision,Minor,0,3,1,Rural,Clear,Day,40,Damaged,2023-07-04 13:00:00,7,0,0,0,0,2,0,1
9,5,Amanaka,21.273516824878826,81.63472021800338,Overturning,Severe,2,3,0,Rural,Clear,Day,80,Good,2023-05-13 09:00:00,5,1,0,1,0,0,0,1
16,2,Telibandha,21.23768496678565,81.65048826503045,Overturning,Moderate,1,3,1,Rural,Rainy,Day,40,Damaged,2023-12-27 16:00:00,12,0,0,0,2,2,0,1
0,4,GE Road,21.250140639459996,81.64899254847826,Overturning,Fatal,3,3,1,Highway,Clear,Night,60,Under repair,2023-04-28 00:00:00,4,0,1,0,0,3,1,2
13,1,Shankar Nagar,21.24144985689044,81.64542602325987,Overturning,Severe,2,3,2,Urban,Rainy,Day,60,Good,2023-04-25 13:00:00,4,0,0,0,2,0,0,0
23,3,Mowa,21.2831697947632,81.64189982903368,Collision,Moderate,1,3,1,Urban,Rainy,Night,60,Good,2023-03-09 23:00:00,3,0,1,0,2,0,1,0
0,0,Telibandha,21.234740531737927,81.64852847048905,Pedestrian,Fatal,3,3,0,Urban,Rainy,Night,80,Good,2023-06-12 00:00:00,6,0,1,0,2,0,1,0